Case For Apple iPhone 11 Pro Max XS Max XR X 8 7 6S Plus Silicone TPU Slim Cover,1.39,"ShenZhen, China",FREE,xuezhi6682,,"
Black
Blue
Dark Purple
Green
Pink
Purple
Red
Yellow",https://www.ebay.com/itm/Case-For-Apple-iPhone-11-Pro-Max-XS-Max-XR-X-8-7-6S-Plus-Silicone-TPU-Slim-Cover/254356655910?hash=item3b38d68f26:m:mZNHY-N7Ped6iDVFfBHO7lw
For iPhone 11 Pro Max XS XR 8 7 6s Plus Liquid Silicone Simple Color Case Cover,$1.29,"Shenzhen, China",FREE,bestlove999,,"
For Apple iPhone 6
For Apple iPhone 6S
For Apple iPhone 6 Plus
For Apple iPhone 6S Plus
For Apple iPhone 7
For Apple iPhone 7 Plus
For Apple iPhone 8
For Apple iPhone 8 Plus
For Apple iPhone X
For Apple iPhone XS
For Apple iPhone XR
For Apple iPhone XS Max
For Apple iPhone 11 Pro
For Apple iPhone 11
For Apple iPhone 11 Pro Max",https://www.ebay.com/itm/For-iPhone-11-Pro-Max-XS-XR-8-7-6s-Plus-Liquid-Silicone-Simple-Color-Case-Cover/202730797164?hash=item2f33b2786c:m:mgAURVI6XGf25NAaiA3YPig
Silicone Original Case For iPhone 11 Pro Max 7 8 6 6S Plus XR XS Max,$3.64,"Shenzhen, China",FREE,yuelongstore,,"
For iPhone XSMAX
For iPhone XR
For iPhone 7 Plus 8 Plus
For iPhone 6 Plus 6s Plus
For iPhone 7 8
For iPhone 6 6s
For iPhone X XS
For iPhone 11
For iPhone 11 Pro
For iPhone 11 Pro Max",https://www.ebay.com/itm/Silicone-Original-Case-For-iPhone-11-Pro-Max-7-8-6-6S-Plus-XR-XS-Max/123669783878?hash=item1ccb4b2546:m:mwqhRj9n63H-4coF9byGpSA
Shockproof Transparent Silicone Case Cover For iPhone XS Max XR X 8 7 Plus 6S 6,$1.29,"深圳, China",FREE,angleshow5588,,"
For iPhone XS Max
For iPhone XS
For iPhone XR
For iPhone X
For iPhone 8
For iPhone 8 Plus
For iPhone 7
For iPhone 7 Plus
For iPhone 6
For iPhone 6 Plus
For iPhone 6S
For iPhone 6S Plus
For iPhone 11
For iPhone 11 Pro
For iPhone 11 Pro Max",https://www.ebay.com/itm/Shockproof-Transparent-Silicone-Case-Cover-For-iPhone-XS-Max-XR-X-8-7-Plus-6S-6/254100194721?hash=item3b298d45a1:m:m0Y-aDsGchKRuiN1yU19hNg
Case For iPhone 11 Pro MAX XR XS 7 8 Plus Clear Cover + Glass Screen Protector,2.99,"Halifax, United Kingdom","GBP 1.99

							(approx. US $2.50)",mj_cases,,"
For Apple Iphone X
For Apple Iphone XS
For Apple Iphone XR
For Apple Iphone XS Max
For Apple Iphone 11
For Apple Iphone 11 Pro
For Apple Iphone 11 Pro Max
For Apple Iphone 7
For Apple Iphone 7 Plus
For Apple Iphone 8
For Apple Iphone 8 Plus",https://www.ebay.com/itm/Case-For-iPhone-11-Pro-MAX-XR-XS-7-8-Plus-Clear-Cover-Glass-Screen-Protector/124038924567?hash=item1ce14bc917:m:myR-VBE0dQaNFVh92aUho0w
For iPhone 11 Pro XS Max XR X 8 7 Plus Shockproof Lens Protective Case Cover,2.79,"Coventry, Wist midlands, United Kingdom","GBP 2.99

							(approx. US $3.75)",mmalek89,,"
For Apple iPhone 11
For Apple iPhone 11 Pro
For Apple iPhone 11 Pro Max
For Apple iPhone XR
For Apple iPhone XS
For Apple iPhone XS Max
For Apple iPhone X
For Apple iPhone 8
For Apple iPhone 8 Plus
For Apple iPhone 7
For Apple iPhone 7 Plus",https://www.ebay.com/itm/For-iPhone-11-Pro-XS-Max-XR-X-8-7-Plus-Shockproof-Lens-Protective-Case-Cover/293375468088?hash=item444e8a6238:m:mPNoL6MJg_MHh5sd5o2V2lA
For iPhone 11 Pro MAX XS XR X 8 7+ App Icon Moving Glitter Quicksand Case Cover,$3.89,"China, China",FREE,houstore2014,,"
For Apple iPhone 6
For Apple iPhone 6 Plus
For Apple iPhone 6s
For Apple iPhone 6s Plus
For Apple iPhone 7
For Apple iPhone 7 Plus
For Apple iPhone 8
For Apple iPhone 8 Plus
For Apple iPhone X
For Apple iPhone Xs
For Apple iPhone Xs Max
For Apple iPhone Xr
For Samsung Galaxy S10E
For Samsung Galaxy S10
For Samsung Galaxy S10 Plus
For Apple iPhone 11 Pro
For Apple iPhone 11
For Apple iPhone 11 Pro MAX",https://www.ebay.com/itm/For-iPhone-11-Pro-MAX-XS-XR-X-8-7-App-Icon-Moving-Glitter-Quicksand-Case-Cover/273533175445?hash=item3fafd90695:m:mHkjAF3wqBIkDa9XaE6q4Yw
For iPhone 11 Pro Max XS XR 6s 7 8 Plus Marble Stand Holder Soft TPU Case Cover,$3.95,"Shenzhen, China",FREE,jsc-case,,"
Black
White
Red
Pink
21
22
23
24
01
02
03
04
05
06
07
08
09
10
11
12
13
14
25
26
27",https://www.ebay.com/itm/For-iPhone-11-Pro-Max-XS-XR-6s-7-8-Plus-Marble-Stand-Holder-Soft-TPU-Case-Cover/173596151746?hash=item286b230fc2:m:mTEPFtkberaqVTFEivvJlpw
For iPhone 11 Pro XS Max XR X 8 7 Plus Glitter Shockproof Protective Case Cover,2.99,"Coventry, United Kingdom","GBP 2.99

							(approx. US $3.75)",mmalek89,,"
For Apple iPhone 11
For Apple iPhone 11 Pro Max
For Apple iPhone 11 Pro
For Apple iPhone XS Max
For Apple iPhone XS
For Apple iPhone XR
For Apple iPhone X
For Apple iPhone 8 Plus
For Apple iPhone 8
For Apple iPhone 7 Plus
For Apple iPhone 7",https://www.ebay.com/itm/For-iPhone-11-Pro-XS-Max-XR-X-8-7-Plus-Glitter-Shockproof-Protective-Case-Cover/293300739073?hash=item444a161c01:m:mgoLpUYJatFhGycwk7MWYVA
Apple iPhone 11 Pro Max 4G 256GB Unlocked Mobile Phone Boxed - 'The Masked Man',"$2,299.00","Australia, Australia","AU $199.00

							(approx. US $124.96)",*themaskedmanunboxing*,,,https://www.ebay.com/itm/Apple-iPhone-11-Pro-Max-4G-256GB-Unlocked-Mobile-Phone-Boxed-The-Masked-Man/202782948214?hash=item2f36ce3b76:g:e14AAOSwNDZdhGPe
Verre Trempé Vitre Protection Film Écran iPhone 6 6S 7 8 Plus X XR XS 11 PRO MAX,1.99,"Gravigny, France","EUR 1.99

							(approx. US $2.21)",usiphone_seller,,"
1 Verre Trempé Premium
2 Verres Trempés Premium
3 Verres Trempés Premium",https://www.ebay.com/itm/Verre-Trempe-Vitre-Protection-Film-Ecran-iPhone-6-6S-7-8-Plus-X-XR-XS-11-PRO-MAX/174213586343?hash=item288ff05da7:m:mA7kNWr583RkWSTMeKnMxEQ
Shockproof Hard Back Ultra Thin Slim Bumper Case Cover Apple iPhone 11 Pro Max,2.95,"Birmingham, United Kingdom",FREE,finestbazaar15,,"
Black
Blue
Red
Rose Gold
Gold",https://www.ebay.com/itm/Shockproof-Hard-Back-Ultra-Thin-Slim-Bumper-Case-Cover-Apple-iPhone-11-Pro-Max/113920714640?hash=item1a86342790:m:mSGJHY_nkLX3e8SudB4gldw
Gorilla Tempered Glass Screen Protector for New iPhone XS Max XR XS X 11 Pro Max,0.99,"Manchester, United Kingdom","GBP 1.99

							(approx. US $2.50)",timy786,,"
For Apple iPhone 11
For Apple iPhone 11 Pro
For Apple iPhone 11 Pro Max
For Apple iPhone X
For Apple iPhone XR
For Apple iPhone XS
For Apple iPhone XS Max",https://www.ebay.com/itm/Gorilla-Tempered-Glass-Screen-Protector-for-New-iPhone-XS-Max-XR-XS-X-11-Pro-Max/362876850928?hash=item547d2552f0:m:md3GnrGmw6AxbSr7HUQhEWA
Case for iPhone 6s 7 8 XR XS 11 5 ShockProof Soft Phone Cover TPU Silicone Cover,1.95,"Manchester, United Kingdom","GBP 1.99

							(approx. US $2.50)",timy786,,"
Clear",https://www.ebay.com/itm/Case-for-iPhone-6s-7-8-XR-XS-11-5-ShockProof-Soft-Phone-Cover-TPU-Silicone-Cover/312449641195?hash=item48bf732aeb:m:mAGjGD8w0oW3YNe7RZ2lLrg
Case For iPhone 11 Pro MAX XR XS Clear TPU Gel Cover + Glass Screen Protector,2.69,"Manchester, Lancashire, United Kingdom","GBP 1.99

							(approx. US $2.50)",smiler1808,,"
For Apple iPhone 11
For Apple iPhone 11 Pro
For Apple iPhone 11 Pro Max
For Apple iPhone X
For Apple iPhone XR
For Apple iPhone XS
For Apple iPhone XS Max",https://www.ebay.com/itm/Case-For-iPhone-11-Pro-MAX-XR-XS-Clear-TPU-Gel-Cover-Glass-Screen-Protector/153731084584?_trkparms=ispr%3D1&hash=item23cb163128:m:mgNSimRW3b3SpnF8ydsVycA&enc=AQAEAAACUBPxNw%2BVj6nta7CKEs3N0qW4gAFm35fz0om2UKDCOEzsN1%2F17XCB3cU8eR%2BIo9IOd0I9yLgPoPwr93SVQ7zKVy6KZJSRUVPa1n2XqW6TR45RH4eVvavltYiorRuhyiF8annfYT8hnPPpXPcOZFfq0EL3d0z6ppM4eZtcsLivgUzdtd6O9%2BJ9twmyxmPomhdmCMiOFLWO74wUdn4Z8rg30QtBRkiqEQCnI9rAI7SQyloP0XZZ8vX%2BV1dW80Wrtiunl1xqC0D5cMGsrlSpb3v0XBHzry%2FwAgVa2Xd4dXn%2Fo5IXVbL%2FzG12nIKNTLmALjqifTkVTPbCcFtDjHTl1RilgTuTgrcKqOplbNS4Xppdg2oU6jWNSnbfkPdqB8MVcZntSbvmxdKU2s4yi4TgjY0vz60%2FCuuEaE80BuKQpPsTCnNAwClR00vrXOm5ewtsa0yk%2BnIvk4zRoqQNAa0WhH3PhvSKNgVCBVbCbFDFUPnhdnfQM0REdvvIFfQmEiClwEB7QjooWVOo4ccTnT2CSaPNxWn4Ze4yN%2FQA82U86cqbgyVztemudkxwXO%2FW4eK1DJzsF3Ss1HaHqDJ3yGsCWXoMajW4fCi7zPBhoP1jmrODCgELvXCApYsGBLo%2FBdipehAG%2F0EkBRbKjqR14bTHU2PNoMvh%2Br3DUrVbzl96Hj%2BXuPMbT8LnjU8EDmb%2Brb1Uun0QlhzTTZV9SsGndr8bdk9XKe3vKK%2Bdatf7YTNefZpjNXZgD9Ew5UmhZ39bGrPFuQdYUh5YwG9iUvqWe19bu3JHk5k%3D&checksum=153731084584cea026d3bc1d46d4b95ceb3430b0f5e2
"Original APPLE iPhone 11 Pro,X XR XS MAX Silikon Schutzhülle Hülle silicone case",7.68,"SZ, China",FREE,sup-mall,,"
White
Midnight blue
Red
Silty sand
Black
Rose red
Blue Cobalt
Ultra Violet
Dark Olive
Spicy Orange
Flash
Cosmos Blue
Marine Green
Sky Blue
Peach
Lemonade
Denim Blue
Red Raspberry
Blue Horizon
Lavender Gray
Stone
Nectarine
Pacific Green
Yellow
Hibiscus
Cornflower
Dragon Fruit
Canary Yellow
Delft Blue
Papaya
Spearmint
Pine Green
Alaska Blue
Clementine
Beryl
Pomegranate",https://www.ebay.com/itm/Original-APPLE-iPhone-11-Pro-X-XR-XS-MAX-Silikon-Schutzhulle-Hulle-silicone-case/332972737521?_trkparms=ispr%3D1&hash=item4d86b8c3f1:m:mqS0i4Ygkj0jsV7bjHJbbPA&enc=AQAEAAACUBPxNw%2BVj6nta7CKEs3N0qVkA%2B1UpsRW57G4RLg3LHP1ig38zKdUJuk6gQ3YbMUYd%2FG4I5NtJkXEGf4UO6rK8I5YerBbwt%2BcmtD7hh2mcIlG65lYe%2B3I62lvisUiy%2Bl%2BhqtoFtu93dPTTz%2F896hUci%2BC6aZVIwSMtEZl4I6pr%2FVwJPMokKcYrfjifW3Bvw0ElEPjYO36S5eeTVK08WkM72O22hxhGoanp%2FT8XjMCX8vqSOAOPXA7N9hIAn3N1Vq6V9Sa96CFQohS53%2FLXNEJuyfDY4M436svp5XW%2BcjFfGjoBhfaNotojvEzH8k4iGh5Dvi%2BvbjArLZuYigTThYCjog15yRo0bjB65Krp8HAfsx2lr60i5mjb18TfTxjEU%2B7Q8jpIyjD6uu%2F6wA7w3Vk6nPkpTtIzCfBzgF2KPdoppIP0JJjgOkklDWp95079RoHLjNjYH%2FfMFG95jqnBvAop8TxH3spEOlKlCU5i6ip8rwst04bhySZDx9E%2BOsDDH7fofftN%2F8jYD8EhCi98wdpjZIkdwwhrfuzcEoX%2BNjb%2BQxIV2TMS5L9FwZJIP1axxNsPplSBMIHre9lRP0G3BScFtLiLDDBLl1a31vSxFotlTn1eNGE2lMsjtCBZm8pj6ln5xTq%2BspGXy7nhK1A2BvgL6gwp0FbNsyEBUzEQd37tczmdeeUG%2F7dP29iBaOs6hcSgphPHnUGdts3Drtelllz2IdJeYvHyVmhdkFBbMYhxFVHXxHZz4C44vMvPIQZq2lgy0AYWBtajZBHg2t%2FGvJj%2BhQ%3D&checksum=332972737521cea026d3bc1d46d4b95ceb3430b0f5e2
For iPhone 11 Pro Max FULL COVER HD Tempered Glass Camera Lens Screen Protector,$2.98,"China, China",$0.50,caseswill,,"
For iPhone 11
For iPhone 11 Pro
For iPhone 11 Pro Max",https://www.ebay.com/itm/For-iPhone-11-Pro-Max-FULL-COVER-HD-Tempered-Glass-Camera-Lens-Screen-Protector/133203019381?_trkparms=ispr%3D1&hash=item1f0384c675:m:maH_6BqNcALiovY67ZsP0fw&enc=AQAEAAACUBPxNw%2BVj6nta7CKEs3N0qUfgYF5frwKU%2FNUBo6H1sERALqbwH%2BsMKwK0qcQBlqaV5XP4%2FunE5mTF3myA4HxRucobytVQ5LdhTqqinkNde%2BK32DNbx5aXfc7bD%2F%2BboeDgJL1mcKPMjTUiohjNHUgWyjhWipVgVIlIEkkR2KfsYJe6TI6yaaj9RZzdko0j5DZud0ezfSCiWkQWbIKURs0wrbWqZydO9juSXbq04rA7LMlyeeE6BnV8ekkm1T76M8M%2FlV5t8xhqgT%2FEDT7P16JiPSN3VIRrHEWLbdUJJXxC%2FZB88qTrFeFp5qLswe2oMwiMTFRflkTfywSiBcfjUErdfYB5pM%2FQskavXuvQt%2BHsxHsaF8ckKuzgJ01vKeQwYNf5InW3APBbEM%2FsXCkv0o2dr2njqfxZO0ocwb%2F32Rvp7kMwpooCupzlKmvmQCSmlUqkC39PRasP67o8B80LCph%2BXHU0RbDqggAUCOIHglbB%2FVuZbFfOLzRqxxhYWy2A3fI7bnug6JipBOngCiclhFr7Qbpnwl8XH%2FaWPwwmU1GYjJRGbMbJWki%2BkSpYcgDrp5wIoIByNVjmSRAdYKTtfCiAdAKOZD7%2B99sOSWTAcfNKkICUb%2BO4BAlK9mNaufeT1KzS95WRnMb39oNs7hS9xm9zzaVspn%2Fznq%2BkF4MpwLwl3xu7Agr8jMKZMy2Ddp4nbvV88lYuwfF3ct%2F6GEHm18xKqB3IgWtHvVfT%2FXEunivMH0s7ok1cdd5fP9yLolKuEoBOj9TjYHUtjzFxWuaeroxMu0%3D&checksum=133203019381cea026d3bc1d46d4b95ceb3430b0f5e2
For iPhone XS Max XR X 8 7 6 Case Cover Shockproof Bumper Transparent Silicone,0.99,"Hong Kong, Hong Kong",FREE,king-future,,"
For iPhone 6/6S
For iPhone 7/8
For iPhone 7Plus / 8Plus
For iPhone X/XS
For iPhone XR
For iPhone XS Max
For iPhone 11
For iPhone 11 Pro
For iPhone 11 Pro MAX",https://www.ebay.com/itm/For-iPhone-XS-Max-XR-X-8-7-6-Case-Cover-Shockproof-Bumper-Transparent-Silicone/183910823496?_trkparms=ispr%3D1&hash=item2ad1f07648:m:mBBVtmAWSCloZd2besUJSjA&enc=AQAEAAACUBPxNw%2BVj6nta7CKEs3N0qXRC%2FA9DIp46wXsn3A4hW0MGqItjLRFWLxdxb6z9WOPdIbWmX%2BQsCVoTM3xwQmNMVb2EcRgrEhb9sxIu4YhHsSegm2oEerngGE2sgBlAdNuLlD45a0MAC%2Fjd5C2PsRmjDzF%2FR0uLZ%2BYVVquo60a0X1lFtGUKlIsr57iCfkQg05xQug8ApWOiHwcGwUJIRh%2FN3cosq%2FTkUz4tnpbcCiWHNOxUImcVgqBYFjK59Y8XWa6X5%2Ffo7hs7icsIIveLriDENO4XsVEHfD%2B%2BMZmJtdgaNIb3ojjQXxTlbHgrJl9xYVKN2zrUN%2FZ64f9Amgf2GECNu8IDm%2BRHtiALpkNUOM%2F71NgHwWMNV0SReQ47LQJ5DG7X8zyzXVx2cht%2FsLl9d8ccKdxcyuOcgxgIYkAQFtlDvclImb3qlXefTALvM8vTk0Tvu8AWileUb3bIqvbUOtFI9DMMtw0ozuwTUHuyGN2foXLkxGYIVnlNqW0cxSDZTHnCq%2BkubGaDudsDyqV%2FhugbKkV%2FfLeFojNsusqKBEj1Qoc1nfAxMotLiZykzYHHU85ZmI2n%2FxeNRcXmhR3YwKZjNsZvn2ofLoLGE2e8hSBHDrNeRzFv%2B4%2FpImZHaBMPqVlsyKhuEsN2pfwGi6XfnM0kbYRqkyX6ibO0eiwXdvZ8SCjQh%2BT8%2FhFM4W%2FLLJr1plema6xFzMX7ONgVmasEx2MDo21HthApP9b5Q6CQpu%2F1V%2BkCrBl5jMkTDCQHf2c0D%2FlECcOVI3WwbPgShOaBw6xI1U%3D&checksum=183910823496cea026d3bc1d46d4b95ceb3430b0f5e2
Fall für iPhone 11 Pro Max Ultra Thin Slim 0.3mm Matt Hard Back Cover Skin,2.99,"Shenzhen, China",FREE,goback1947,,"
Für iPhone 11
Für iPhone 11 Pro
Für iPhone 11 Pro Max
Für iphone5/5s",https://www.ebay.com/itm/Fall-fur-iPhone-11-Pro-Max-Ultra-Thin-Slim-0-3mm-Matt-Hard-Back-Cover-Skin/362789540238?hash=item5477f1118e:m:meBKa0orEAYwt2CISxf-x7Q
Ultra-thin Matte Clear Hard Slim Cover Case For iPhone 11 Pro XS Max X XR 8 7 6,$0.99,"China, China",FREE,nicenice66,,"
For iPhone 6
For iPhone 6S
For iPhone 6 Plus
For iPhone 6S Plus
For iPhone 7
For iPhone 7 Plus
For iPhone 8
For iPhone 8 Plus
For iPhone X
For iPhone XS
For iPhone XS Max
For iPhone XR
For iPhone 11
For iPhone 11 Pro
For iPhone 11 Pro Max",https://www.ebay.com/itm/Ultra-thin-Matte-Clear-Hard-Slim-Cover-Case-For-iPhone-11-Pro-XS-Max-X-XR-8-7-6/264218958326?hash=item3d84ad59f6:m:metbAepnAvOW1w0vhTYsJtw
3D Cartoon Silicone Cover Case For iPhone 11 11 Pro Max 8 7 6 6S Plus XS Max XR,$1.99,"Hong Kong, Hong Kong",FREE,dkbo2626,,"
Red Pirmlges
My Melody
Yellow Fompompurin
White Dog
White Hello Kitty
Yellow Dog
White Melody
Black X X Bear
Gray X X Bear
Red Minnie Mouse
New Yellow Pikachu
Pink Nokia
Black Nokia
Super Mario
3D Pink Papa Stand Stitch
3D Blue Papa Stand Stitch
3D Pink Papa Stand Melody
3D Blue Papa Stand Dog
Light Green Avocado
3D Beige Bear
3D Pendant Pikachu",https://www.ebay.com/itm/3D-Cartoon-Silicone-Cover-Case-For-iPhone-11-11-Pro-Max-8-7-6-6S-Plus-XS-Max-XR/113846947678?hash=item1a81ce8f5e:m:mbzy2jTnIQEra4y_eFE-n_Q
For iPhone 11 Pro Max XS X 8 6 7 Plus Cute Fruits Pattern Relief Soft Case Cover,$1.29,"China, China",FREE,angleshow5588,,"
For iPhone X
For iPhone 8
For iPhone 8 Plus
For iPhone 7
For iPhone 7 Plus
For iPhone 6S
For iPhone 6S Plus
For iPhone 6
For iPhone 6 Plus
For iPhone SE[out of stock]
For iPhhone XS
For iPhhone XS Max
For iPhone 11
For iPhone 11 Pro
For iPhone 11 Pro Max",https://www.ebay.com/itm/For-iPhone-11-Pro-Max-XS-X-8-6-7-Plus-Cute-Fruits-Pattern-Relief-Soft-Case-Cover/263567695252?hash=item3d5ddbdd94:m:m931_iQREz4EB9VDDNTpR0Q
For iPhone 11 Pro Max XS XR 8 7 Cute Elk Liquid Silicone Soft Rubber Case Cover,$0.99,"Shenzhen, China",FREE,fangfang1603,,"
For iPhone 11 Pro
For iPhone 11
For iPhone 11 Pro Max
For iPhone XS Max
For iPhone XR
For iPhone XS
For iPhone X
For iPhone 8 Plus
For iPhone 8
For iPhone 7 Plus
For iPhone 7
For iPhone 6s Plus
For iPhone 6s
For iPhone 6 Plus
For iPhone 6",https://www.ebay.com/itm/For-iPhone-11-Pro-Max-XS-XR-8-7-Cute-Elk-Liquid-Silicone-Soft-Rubber-Case-Cover/163951097273?hash=item262c3f35b9:m:m4YUjRD11kwmiaj0qvxLSJw
Para iPhone 11 Pro Max Xs 8 Plus 360° Protección Completo Funda carcasa Híbrido,1.00,"Shen Zhen, China",FREE,to-the-better,,"
Negro
Azul
Rojo
Oro
Oro rosa",https://www.ebay.com/itm/Para-iPhone-11-Pro-Max-Xs-8-Plus-360-Proteccion-Completo-Funda-carcasa-Hibrido/372809326849?hash=item56cd2ae101:m:mWqfUvb9z8QV8R-gqwh_I4A
For iPhone 11 Pro MAX XS 8 7+ Luxury Ultra-thin Slim Matte Hard Clear Case Cover,$1.29,"China, China",FREE,houstore2014,,"
For iPhone X
For iPhone 8
For iPhone 8 Plus
For iPhone 7
For iPhone 7 Plus
For iPhone 6S
For iPhone 6S Plus
For iPhone 6
For iPhone 6 Plus
For iPhone Xs
For iPhone Xs Max
For iPhone Xr
For iPhone 11 Pro
For iPhone 11
For iPhone 11 Pro MAX",https://www.ebay.com/itm/For-iPhone-11-Pro-MAX-XS-8-7-Luxury-Ultra-thin-Slim-Matte-Hard-Clear-Case-Cover/273422816278?hash=item3fa9451416:m:mlmVKeyMOXniG_57FHWLXpw
For iPhone 11 Pro Max XS XR 7 8 Plus 6S Warm Comfy Fluffy Hairy Soft Case Cover,$1.19,"Shenzhen, China",FREE,ttmac2018,,"
For iPhone XS Max
For iPhone XR
For iPhone XS
For iPhone X
For iPhone 8 Plus
For iPhone 8
For iPhone 7 Plus
For iPhone 7
For iPhone 6s Plus
For iPhone 6s
For iPhone 6 Plus
For iPhone 6
For iPhone 11 Pro
For iPhone 11
For iPhone 11 Pro Max",https://www.ebay.com/itm/For-iPhone-11-Pro-Max-XS-XR-7-8-Plus-6S-Warm-Comfy-Fluffy-Hairy-Soft-Case-Cover/233363773604?hash=item36559098a4:m:mZ1lKvlfv04OZYFHPpDgvug
360 Phone Case Cover For iPhone 11 Pro Max XS MAX XR X 6 6s 7 8 Plus 5 5S SE,$3.99,"Shenzhen, China",FREE,azgiant_global,,"
Red
Gold
Silver
Pink
Blue
Purple
Black",https://www.ebay.com/itm/360-Phone-Case-Cover-For-iPhone-11-Pro-Max-XS-MAX-XR-X-6-6s-7-8-Plus-5-5S-SE/202681472442?hash=item2f30c1d5ba:m:mI49SPbsJg5iFxRkoJR1wPg
Flowers Phone Case for iPhone 11 Pro XR XS Max X 7 8 6 Plus Soft TPU Back Cover,$0.99,"Shenzhen, China",FREE,balpha,,"
For iPhone 5 5S SE
For iPhone 6
For iPhone 6 Plus
For iPhone 6s
For iPhone 6s Plus
For iPhone 7
For iPhone 7 Plus
For iPhone 8
For iPhone 8 Plus
For iPhone X
For iPhone XS
For iPhone XR
For iPhone XS Max
For iPhone 11
For iPhone 11 Pro
For iPhone 11 Pro Max",https://www.ebay.com/itm/Flowers-Phone-Case-for-iPhone-11-Pro-XR-XS-Max-X-7-8-6-Plus-Soft-TPU-Back-Cover/114012579230?hash=item1a8bade59e:m:mf8vtnW-9lLnmLSMgASOuWg
For iPhone 11 Pro Max XS XR X 8 7 6s Ultra-thin Matte Shockproof Hard Case Cover,$1.09,"Shenzhen, China",FREE,angleshow5588,,"
For iPhone 11 Pro
For iPhone 11
For iPhone 11 Pro Max
For iPhone 6
For iPhone 6s
For iPhone 6 plus
For iPhone 6s plus
For iPhone 7
For iPhone 7 Plus
For iPhone 8
For iPhone 8 Plus
For iPhone X
For iPhone XS
For iPhone XS MAX
For iPhone XR",https://www.ebay.com/itm/For-iPhone-11-Pro-Max-XS-XR-X-8-7-6s-Ultra-thin-Matte-Shockproof-Hard-Case-Cover/264580178635?hash=item3d9a3522cb:m:mlEW-Eb1bP-yn-LTq_-Tg7w
Perfect Logo original silicone case for Apple iPhone 11 Pro Max XS XR 6 7 8 Plus,$1.59,"深圳, China",FREE,hightop2016,,"
Black
Gray
Purple
Red
Pink
Dark Green
Yellow
Orange
Macha Green
Navy",https://www.ebay.com/itm/Perfect-Logo-original-silicone-case-for-Apple-iPhone-11-Pro-Max-XS-XR-6-7-8-Plus/254449426269?hash=item3b3e5e1f5d:m:m6KB98qZciuJd5x88aqGuVQ
Fashion Clear Real Dried Pressed Flower Phone Case 1x For iPhone X XS 11 Pro MAX,$2.70,"义乌, China",FREE,1-77084,,"
Yellow
Pink
Purple
Blue",https://www.ebay.com/itm/Fashion-Clear-Real-Dried-Pressed-Flower-Phone-Case-1x-For-iPhone-X-XS-11-Pro-MAX/153676485218?hash=item23c7d51262:m:mxyxL5W2ZDA8rfzkOgq8ALA
For iPhone 11 Pro Max XS XR 8 7 6 Plus Thin Soft TPU Sandstone Matte Case Cover,$1.99,"China, China",FREE,bestlove999,,"
For Apple iPhone 6
For Apple iPhone 6 Plus
For Apple iPhone 6s
For Apple iPhone 6s Plus
For Apple iPhone 7
For Apple iPhone 7 Plus
For Apple iPhone 8
For Apple iPhone 8 Plus
For Apple iPhone X
For Apple iPhone XS
For Apple iPhone XS Max
For Apple iPhone XR
For iPhone 11 Pro
For iPhone 11
For iPhone 11 Pro Max",https://www.ebay.com/itm/For-iPhone-11-Pro-Max-XS-XR-8-7-6-Plus-Thin-Soft-TPU-Sandstone-Matte-Case-Cover/192537033098?hash=item2cd419f98a:m:mn1PKCDivlH2zwMBIBHxOQQ
For iPhone 11 Pro Max XS XR 8 7 6 Luxury Marble Slim Soft Bumper Hard Case Cover,$1.10,"Shenzhen, China",FREE,ttmac2018,,"
For iPhone 11 Pro
For iPhone 11
For iPhone 11 Pro Max
For iPhone XS Max
For iPhone XR
For iPhone XS
For iPhone X
For iPhone 8
For iPhone 8 Plus
For iPhone 7
For iPhone 7 Plus
For iPhone 6s
For iPhone 6s Plus
For iPhone 6
For iPhone 6 Plus",https://www.ebay.com/itm/For-iPhone-11-Pro-Max-XS-XR-8-7-6-Luxury-Marble-Slim-Soft-Bumper-Hard-Case-Cover/233390547040?hash=item3657292060:m:m1T9SEneRpaINO9x_8ZII0w
Frosted Hard Phone Case Transparent Ultra-Thin For iPhone11 X XS MAX XR 7 8 New,$1.15,"JinHua, China",FREE,goodstudyseller,,"
Black
white
gray
red
pink
blue
rose red
purple
gold
yellow",https://www.ebay.com/itm/Frosted-Hard-Phone-Case-Transparent-Ultra-Thin-For-iPhone11-X-XS-MAX-XR-7-8-New/372875338243?hash=item56d11a2203:m:mccPIwxr4VoWYR262v7vPNw
Applicable à iPhone 11 pro - max 11 pro Film de verre Objectif de caméra,1.00,"Shanghai, China",FREE,yyuc2c,,"
iphone 11 pro
iphone 11
iphone 11 pro max",https://www.ebay.com/itm/Applicable-a-iPhone-11-pro-max-11-pro-Film-de-verre-Objectif-de-camera/283656885090?hash=item420b449362:m:mOzzOXoyeTf1fRAH-i1CfZw
For iPhone 11 Pro Max XR XS 8 7 New Liquid Silicone Case Camera Protective Cover,2.63,"China, China",FREE,qys0sunshine1,,"
For iPhone 6
For iPhone 6s
For iPhone 6 Plus
For iPhone 6s Plus
For iPhone 7
For iPhone 7 Plus
For iPhone 8
For iPhone 8 Plus
For iPhone X
For iPhone XS
For iPhone XR
For iPhone XS Max
For iPhone 11 Pro
For iPhone 11
For iPhone 11 Pro Max
For iPhone 5
For iPhone 5S
For iPhone SE",https://www.ebay.com/itm/For-iPhone-11-Pro-Max-XR-XS-8-7-New-Liquid-Silicone-Case-Camera-Protective-Cover/162670930067?hash=item25dff16893:m:mQwqFoKvQPDiXrEwjE7Dc1w
For iPhone 11 Pro X XR XS Max 6 7 8 Plus Soft tpu Rub bumper Frame Case cover,$2.99,"china, China",FREE,sportslife2013,,"
iPhone XS Max
iPhone XR
iPhone 11
iPhone 11 Pro
iPhone 11 Pro Max
iPhone X/XS
iPhone 7/8 Plus
iPhone 7/8
iPhone 6/6s Plus
iPhone 6/6s",https://www.ebay.com/itm/For-iPhone-11-Pro-X-XR-XS-Max-6-7-8-Plus-Soft-tpu-Rub-bumper-Frame-Case-cover/273518046454?hash=item3faef22cf6:m:mslJq675GFRacdVHsW6YhJw
Ultra Thin Case For iPhone 11 Pro Max Xs X Slim 0.3mm Matte Hard Cover Skin C6C6,$1.46,"shanghai, China",FREE,qingtingsun,,"
For Apple iPhone 11
For Apple iPhone 11 Pro
For Apple iPhone 11 Pro Max",https://www.ebay.com/itm/Ultra-Thin-Case-For-iPhone-11-Pro-Max-Xs-X-Slim-0-3mm-Matte-Hard-Cover-Skin-C6C6/283757085142?hash=item42113d81d6:m:mzJvlpAI77sL8ujsLIO5CxA
For iPhone Case XR 8 7 6s Plus XS 11 Bumper Shockproof Silicone Protective Cover,1.99,"Manchester, United Kingdom","GBP 1.99

							(approx. US $2.50)",xessoriez,,"
Black
Blue
Gold
Purple
Red
Rose Gold
Silver",https://www.ebay.com/itm/For-iPhone-Case-XR-8-7-6s-Plus-XS-11-Bumper-Shockproof-Silicone-Protective-Cover/392570556620?_trkparms=ispr%3D1&hash=item5b670750cc:m:mzUdcxDkCvc_oP9M1so1cyw&enc=AQAEAAACUBPxNw%2BVj6nta7CKEs3N0qVS0NZiqctSOHx7AAUUMjLE1dFpQN1xy0VTXWggnMPg6dKXUKRe8y5jXXk2jVBt4e81Xidh0sE5Ye50%2FCTpEkZ3S6IKCuInH6S1xS83%2FNdrp4j7ZkBK83qhSRR39vsJC5XtNyVs8EBhPFATG04lN3%2F4hAh%2BHbQPZmmXUpfCznX2uI6%2BkZ5rWy5D64KYWT8q4xuKGqY%2Bz4p7Z1uiM4Pf2UyrVa1moxYUC7Mt7GAoS5lOcfjiFy0HTi1JYHdGLpqMdl4hoLT4EpBunfkHTqmadoKDQk1imANtvvNdtyr5gGfnyd1eSrJVNof4IcITV2SKXucgQO8yKDHK4IbvgrLq4mkDGZ8MEauiXjAyQxFOpI3NUN4TCfclcBr3A4Mw8%2BjprqfW3KhBKhCGYYBIG5I2%2Bkb%2BtDZtT%2FbpKfndy9oBXzt3xaXRp692Ehn9TgbMwIO0iGcHwi5bB2adbZ4F0qa7COhbk34NL3rifpaSb0L9IegurR2nLH%2BOFU0CeFr6sqdZpVxYHu8iB0TdG221bn%2BuDBZBCTCw0wna%2BwqCqaP%2BOP16lq5MyRAnWix8BNjFiH0X8pKLnFHXKnsncSBYCb7n3vMWq4gMi%2BxUT%2FnFk4ua8w1g0hlnYNrS3I9RttYNUUBLokHIuoMgdGTpply7TTtSnpY8t%2FmiIjXj41aRsOc8nIZ6ZBdpTu224EqpH1N2OcTZ0KddvjHDPDctKWnfmcJyX9LQy8ZUv%2F%2BM12ftIv%2FRRAs1rKGRmp84iThzjXtkLL4QvTA%3D&checksum=392570556620cea026d3bc1d46d4b95ceb3430b0f5e2
Perfect Logo original silicone case for Apple iPhone 11 Pro Max XS XR 6 7 8 Plus,1.59,"深圳, China",FREE,hightop2016,,"
Black
Grey
Navy
Macha Green
Purple
Dark Green
Pink
Red
Orange
Yellow",https://www.ebay.com/itm/Perfect-Logo-original-silicone-case-for-Apple-iPhone-11-Pro-Max-XS-XR-6-7-8-Plus/254458760621?_trkparms=ispr%3D1&hash=item3b3eec8dad:m:m6KB98qZciuJd5x88aqGuVQ&enc=AQAEAAACUBPxNw%2BVj6nta7CKEs3N0qU0PjCHRFLQ%2Fa%2FryxvTaBVb8heHnhCHBYmpaEat00jeahA5n5sGdw954IVay8hvJOzbNLIKbVxcUvw38cBt8jE23tQcc1sKMGgMlT%2BVRXTo07vN8vVmYo69E99zF3PHRwZTckbVGJK6UYjErT3zMhQOa%2FB7Es4y8LthxemTcxlcXS%2B1inNid4W1BKfQqyiydeD6ij%2BYFp1VdW5cbG0RebTdQdaNVjiLeCfQ5tdr%2BbHV7zbM3TgCyZwROHLrk7qL2iGtHbf4bdvCVfBKsjQ5WgBQrGt0JYsbwuKIgeSF9ZzB3q8NJ1EG%2B5tUf2vIJaoK2h3nkQ9gWkebdmjgu%2FILv0%2BQ9ZRkRgUoWIaYirQv34hvoldSpJyKbASiHcP7iGtPxPBkOAnFSrzXd0m1GTC1KYUBvixVGj%2B3cYw55a7n64mBTM8Wz%2BHuQzz302A%2BXBeu5icUDjhEdKn7umrWJ9rPxqVgzGjBYEANdhIgPYWYJT%2FLGgSDcgSodaIzPMiYr86Aha2%2BWYQhz4GlDd3HJ88ZtKMxia0mNnvnrMkF45ON67e537frwIa9XVVlgEZXAPn66gk5YKCDs4rabEeQ%2FzUnLiy2JBj2sep8QU6f1uGYhuIfqPFOg5FKXpWPfJ16UzEy9WfOBmkENf20x1PzSCQk%2B0u4%2FIF1%2B%2BVMFli8O75Id9MRXccnxQVBXdHZzf9w2MaSKlvLTnHX2Lfpf0w5R4OpcWVlWFm4ZLUssi6KCGqfPnS2idqsAR1S%2BXowtfYFHQ72cUs%3D&checksum=254458760621cea026d3bc1d46d4b95ceb3430b0f5e2
For iPhone 11 Pro Max XR XS X 8 7 Plus 6S Leather TPU Slim Soft Phone Case Cover,$1.09,"Shenzhen, China",FREE,niceeess,,"
For Apple iPhone 11 Pro Max
For Apple iPhone 11 Pro
For Apple iPhone 11
For Apple iPhone Xs Max
For Apple iPhone XR
For Apple iPhone Xs
For Apple iPhone X
For Apple iPhone 8
For Apple iPhone 8 Plus
For Apple iPhone 7
For Apple iPhone 7 Plus
For Apple iPhone 6s
For Apple iPhone 6s Plus
For Apple iPhone 6
For Apple iPhone 6 Plus",https://www.ebay.com/itm/For-iPhone-11-Pro-Max-XR-XS-X-8-7-Plus-6S-Leather-TPU-Slim-Soft-Phone-Case-Cover/223762141998?hash=item341943532e:m:mc8Sa0-HQw46WJS3zOt40NQ
For iPhone X 8 7 6S Plus Case Electroplate Silicone Ultra Slim Clear Soft Cover,$0.99,"China, China",FREE,nicelife9988,,"
Black
Gold
Blue
Red
Silver
Rose Gold
Purple
Green",https://www.ebay.com/itm/For-iPhone-X-8-7-6S-Plus-Case-Electroplate-Silicone-Ultra-Slim-Clear-Soft-Cover/183031086980?hash=item2a9d80bf84:m:m4KeMgipex5cHZb3C7OPaew
Luxury Marble Tempered Glass Case Cover For Apple iPhone 11 Pro Max X XS XR 8 7+,$1.99,"Shenzhen, China",FREE,smileniu9,,"
For iPhone X
For iPhone XS
For iPhone XS Max
For iPhone XR
For iPhone 8
For iPhone 8 Plus
For iPhone 7
For iPhone 7 Plus
For iPhone 6
For iPhone 6s
For iPhone 6 Plus
For iPhone 6s Plus
For iPhone 11
For iPhone 11 Pro
For iPhone 11 Pro Max",https://www.ebay.com/itm/Luxury-Marble-Tempered-Glass-Case-Cover-For-Apple-iPhone-11-Pro-Max-X-XS-XR-8-7/153616640798?hash=item23c443eb1e:m:mD11L-xNxyCWCrmEUsyb1mA
ORIGINAL CASE FOR APPLE IPHONE 11 PRO MAX XS XR 8 7 PLUS GENUINE SILICONE COVER,0.99,"Shenzhen, China",FREE,hotsalemall88,,"
#01 Mint Green
#04 Yellow
#05 Lilac
#06 Hot Pink
#07 Lavender
#08 Midnight Blue
#09 White
#11 Antique White
#12 Pink
#13 Orang Red
#14 Red
#15 Charcoal Gray
#18 Black
#19 Pink Sand
#20 Blue Cobalt
#21 Sea Blue
#24 Azure
#27 Begonia
#30 Ultra Violet
#36 Rose Red
#41 Pale Purple
#44 Marine Green
#46 Lavender Gray
#47 Purple
#49 Mellow Yellow
#51 Spearmint
#52 Papaya
#55 Fire Dragon Fruit
#61 Pine Green
#62 Clear",https://www.ebay.com/itm/ORIGINAL-CASE-FOR-APPLE-IPHONE-11-PRO-MAX-XS-XR-8-7-PLUS-GENUINE-SILICONE-COVER/184061098622?hash=item2adae57a7e:m:mk5slWvLiGCLX11yC9GW4lQ
Apple iphone 5 6 to X models Stylish Magnetic Ring Holder case cover with stand,4.25,"Watford, United Kingdom","GBP 3.77

							(approx. US $4.73)",hhtraders1953,,"
Black
Red
Rose Gold
Gold
Silver
Deep Blue",https://www.ebay.com/itm/Apple-iphone-5-6-to-X-models-Stylish-Magnetic-Ring-Holder-case-cover-with-stand/183254812275?hash=item2aaad68673:m:ms7CPB8nnGPhBA-rfa8BQ9w
Cute Retro Case for iPhone 11 Pro Max Rubber Silicone Soft Cover for XS Max XR 8,$1.39,"深圳, China",FREE,tophigh-seller,,"
For Apple iPhone 11
For Apple iPhone 11 Pro
For Apple iPhone 11 Pro Max
For Apple iPhone 6 6S
For Apple iPhone 6 6S Plus
For Apple iPhone 7
For Apple iPhone 7 Plus
For Apple iPhone 8
For Apple iPhone 8 Plus
For Apple iPhone X
For Apple iPhone XS
For Apple iPhone XS Max
For Apple iPhone XR",https://www.ebay.com/itm/Cute-Retro-Case-for-iPhone-11-Pro-Max-Rubber-Silicone-Soft-Cover-for-XS-Max-XR-8/123466915753?hash=item1cbf339fa9:m:me3cUf5Ffq35rZkdMZ8oBjw
Original Silicone Case For iPhone XR 11 7 8 6 6S Plus XS Max 11 Pro Max,$3.19,"Shenzhen, China",FREE,liuyestore,,"
For iPhone XS Max
For iPhone XR
For iPhone 7 Plus 8 Plus
For iPhone 6 Plus 6s Plus
For iPhone 7 8
For iPhone 6 6s
For iPhone X XS
For iPhone 11
For iPhone 11 Pro
For iPhone 11 Pro Max",https://www.ebay.com/itm/Original-Silicone-Case-For-iPhone-XR-11-7-8-6-6S-Plus-XS-Max-11-Pro-Max/362881296171?hash=item547d69272b:m:mkYlZMl7Cv5_dv6gWmzjndw
Pour IPHONE 11 Pro Max XR XS 8 7 Neuf Liquid Silicone Étui Caméra Protection,2.88,"Huizhou, China",FREE,e-gobid,,"
Rouge
""youth"" Rose
Matcha Vert
Noir
BLEU SAPHIR
Lavande Gris
Vert Foncé",https://www.ebay.com/itm/Pour-IPHONE-11-Pro-Max-XR-XS-8-7-Neuf-Liquid-Silicone-Etui-Camera-Protection/283726810370?hash=item420f6f8d02:m:mnpiXrWed1R0XkDC6l3HVMA
For iPhone 11 Pro XS Max 8 Plus Solid Color Ultra Thin Frameless Hard Case Cover,$1.21,"Shenzhen, China",FREE,niceeess,,"
For Apple iPhone 6
For Apple iPhone 6 Plus
For Apple iPhone 6s
For Apple iPhone 6s Plus
For Apple iPhone 7
For Apple iPhone 7 Plus
For Apple iPhone 8
For Apple iPhone 8 Plus
For Apple iPhone X
For Apple iPhone Xs
For Apple iPhone Xs Max
For Apple iPhone XR
For iPhone 11 Pro 5.8''
For iPhone 11 6.1''
For iPhone 11 Pro Max 6.5''",https://www.ebay.com/itm/For-iPhone-11-Pro-XS-Max-8-Plus-Solid-Color-Ultra-Thin-Frameless-Hard-Case-Cover/223654925083?hash=item3412df531b:m:mCDZK_dgoe54Ryxrb3uYuSA
Luxury Hybrid Tempered Glass Phone Case Cover For iPhone 11 Pro XS Max XR 8 7 6S,2.55,"Shenzhen, China",FREE,westbaysea,,"
For iPhone 6
For iPhone 6 Plus
For iPhone 6S
For iPhone 6S Plus
For iPhone 7
For iPhone 7 Plus
For iPhone 8
For iPhone 8 Plus
For iPhone X
For iPhone XR
For iPhone XS
For iPhone XS Max
For iPhone 11
For iPhone 11 Pro
For iPhone 11 Pro Max",https://www.ebay.com/itm/Luxury-Hybrid-Tempered-Glass-Phone-Case-Cover-For-iPhone-11-Pro-XS-Max-XR-8-7-6S/143276054097?hash=item215beb1651:m:mpmXJj8wd63VFbsoy3gkx9w
Cuir Rétro Carte Coque Support pour IPHONE 11 Pro Max XS XR X 8 7 6S,1.32,"Shenzhen, China",FREE,housto9465,,"
pour iPhone 11 Pro
pour iPhone 11
pour iPhone 11 Pro Max
pour Apple iPhone XS Max
pour Apple iPhone XR
pour Apple iPhone XS
pour Apple iPhone X
pour Apple iPhone 8 Plus
pour Apple iPhone 8
pour Apple iPhone 7 Plus
pour Apple iPhone 7
pour Apple iPhone 6S Plus
pour Apple iPhone 6S
pour Apple iPhone 6 Plus
pour Apple iPhone 6
Apple iphone 5/5S
pour Apple iPhone SE",https://www.ebay.com/itm/Cuir-Retro-Carte-Coque-Support-pour-IPHONE-11-Pro-Max-XS-XR-X-8-7-6S/392512498734?hash=item5b63916c2e:m:mnFIXBjuEm8RL0Gc-jBJ6Tg
Apple iPhone 11 Pro Max Candy Color Ultra Slim Hard PC Case Cover Shockproof,$1.69,"ShenZhen, China",FREE,toplei_au,,"
Black
Dark Green
Gray
Pink
Purple
Red",https://www.ebay.com/itm/Apple-iPhone-11-Pro-Max-Candy-Color-Ultra-Slim-Hard-PC-Case-Cover-Shockproof/153711488565?hash=item23c9eb2e35:m:mrAZazquf45aUBP9m1qU4pw
For iPhone 11 Pro XS Max XR X 8 6 7 Plus Soft Silicone Fruits Pattern Case Cover,$1.05,"China, China",FREE,up2014store,,"
For iPhone X
For iPhone 8
For iPhone 8 Plus
For iPhone 7
For iPhone 7 Plus
For iPhone 6S
For iPhone 6S Plus
For iPhone 6
For iPhone 6 Plus
For iPhone XS
For iPhone XS Max
For iPhone XR
For iPhone 11 Pro
For iPhone 11
For iPhone 11 Pro Max",https://www.ebay.com/itm/For-iPhone-11-Pro-XS-Max-XR-X-8-6-7-Plus-Soft-Silicone-Fruits-Pattern-Case-Cover/112978826701?hash=item1a4e1015cd:m:mL4_HDxzuwWWtltFRR7RmtA
Hybrid Rubber Clear Soft TPU Case Cover For iPhoneX XR XS Max 6s 7 8 11 Pro Max,$0.99,"Shenzhen, China",FREE,hhstore,,"
For Apple iPhone 5
For Apple iPhone 6 Plus
For Apple iPhone 6s Plus
For Apple iPhone 6
For Apple iPhone 6s
For Apple iPhone 7 Plus
For Apple iPhone 8 Plus
For Apple iPhone 7
For Apple iPhone 8
For Apple iPhone XR
For Apple iPhone XS Max
For Apple iPhone X
For Apple iPhone XS
For Apple iPhone 11 Pro Max[out of stock]
For Apple iPhone 11 Pro
For Apple iPhone 11[out of stock]",https://www.ebay.com/itm/Hybrid-Rubber-Clear-Soft-TPU-Case-Cover-For-iPhoneX-XR-XS-Max-6s-7-8-11-Pro-Max/153520269745?hash=item23be8569b1:m:mCclm1iWysO7WfdC9N0ymUA
 Disney Mickey Minnie Soft Clear Case Cover For iPhone 11 Pro Max XR 6s/7/8 Plus,$1.99,"ShenZhen, China",$0.35,bestpricesfu,,"
For iPhone 6/6S
For iPhone 6 Plus / 6S Plus
For iPhone 7 / 8
For iPhone 7 Plus / 8 Plus
For iPhone X
For iPhone 11
For iPhone 11 Pro
For iPhone 11 Pro Max
For iPhone Xs
For iPhone Xs Max
For iPhone Xr",https://www.ebay.com/itm/Disney-Mickey-Minnie-Soft-Clear-Case-Cover-For-iPhone-11-Pro-Max-XR-6s-7-8-Plus/263797806757?hash=item3d6b9316a5:m:m95H6i3uHgWpkIT_7ZIlhkg
Cute Snoopy Charlie Cartoon TPU Phone Case Cover For iPhone 11 Pro XS Max XR 7 8,$3.29,"ShenZhen, China",FREE,bestbuyin0,,"
11 Pro Max(6.5)
11 Pro(5.8)
11(6.1)
XS Max(6.5)
XR(6.1)
X/XS
7/8 Plus
7/8",https://www.ebay.com/itm/Cute-Snoopy-Charlie-Cartoon-TPU-Phone-Case-Cover-For-iPhone-11-Pro-XS-Max-XR-7-8/163995750235?hash=item262ee88f5b:m:mNhczpufI9hyCtKk0PxhY7w
Genuine Real Glass Case For iPhone 11 Pro Max XS XR 8 7 6 Liquid Cover Silicone,$4.89,"Shenzhen, China",FREE,excellentcase,,"
Pink Sand
Red
Lavender
Black
Light Green
Midnight Green",https://www.ebay.com/itm/Genuine-Real-Glass-Case-For-iPhone-11-Pro-Max-XS-XR-8-7-6-Liquid-Cover-Silicone/274299083430?_trkparms=ispr%3D1&hash=item3fdd7fdaa6:m:mEmV28mi0lHrgQzY1oqijbg&enc=AQAEAAACUBPxNw%2BVj6nta7CKEs3N0qUcMndfIVJnG79gl5t6sa9lqQ1xAHFWXVnw%2BCE1VCpTb9KzMND%2B7bN%2FmRjmhZfqMqHzpJjOrRwfdK%2FZ83OxfF%2B%2B2GMZWpWh8gKsRgR3eA6Ulmj6dEirKLHWmcDPOqZxZnDoRUlQaI27sK2T0qruHf86lNFiJ8tQC5L1RnKZtY3NRjUZsAJFFfuPl30P3ioPsBtqpoLQh3h%2Fsv%2Fu6oK3rdE323smOmt5%2BnFbzx9omIePJp5ZTXaOq85Jw0RpKohRLlQELQCQ86GId4BxVO1cIFEmk6hUKrKB0Gj%2F%2Fr00jwl3jsKvulj4gyf1vvS%2Bde8riXHkTIq85er2RvCgzJIf4XwrzCBUwn6hxpE%2BMo5bgBI2MWvDBkPOlkbLFPvjHvCBc302llF%2FTwxzfi58HtxLR5MPRBb7WmXqOGGtwqDVbXavoSQ1Km8Lo0BzpNOM7l866DjS%2Fwa0tc%2FRAXZwyhcmrrNWHZKUcFDWns%2Bq7f5uE0G0Px47BH2hxxTV6KKk1dCjWWVeQ8oApm%2F%2BeTabQZVWEAOVW7GcCvPjJP2e4spu%2Boq6oHQTC1iGE38u3GFZgCtw1ioMNxrqNtBCpsgYMWuBb4XHFPXVN%2Bt%2FfkocqGIsEacxhc%2BSMeMEcN67RD49PB0t4P3Fa3K6kCblbWAX7VIFphApLHbBcvhfzGfMENMVcsT59X4USMcZWDtiYr3awTZUwAkNTBUUMkPDejKd6NEj0104qH8ar2kHLtZtkOhlYY86vKXOG2WIN%2Bs8z2v9%2BwxEhsA%3D&checksum=274299083430cea026d3bc1d46d4b95ceb3430b0f5e2
Full Protection Phone Case For iPhone 11 Pro Max 5S 6 6S 7 8 Plus SE X XS MAX XR,$3.34,"Shenzhen, China",FREE,azgiant_global,,"
Red
Gold
Pink
Blue
Purple
Black
Green",https://www.ebay.com/itm/Full-Protection-Phone-Case-For-iPhone-11-Pro-Max-5S-6-6S-7-8-Plus-SE-X-XS-MAX-XR/202688015753?_trkparms=ispr%3D1&hash=item2f3125ad89:m:mlLBMcCYrT9DJVOimEHk6Nw&enc=AQAEAAACUBPxNw%2BVj6nta7CKEs3N0qWzP02JPxPjMgf6ZjlhNs%2By9kcgeX0ffUtKHHVRpQQF%2BE9ryZJ1CTQPOghbBgyMqsFi%2FlCTqjD%2FesARcx%2FgaS05%2BThq22UN475ax43AXvNtvXV1Dh%2FbQSrY5T90TrgXa1W6Ipn%2Fj90yJCc7D9NcxmwnDk0TNV4n9Y%2F4FALpN%2F33ZLf2kj4wQstkRDfd9sPPvR9WRBY3Ge5SX18JH00JL3UQUsWZ4o6xchJyvGLIamK0CdkwlGssDHpockEzyrQQAHg0c8NejdxTk84f2qY0WJweW2BTutrFLysS6ppUjvEMrI2QqeTZVLui3jMVcs4YtjWD0mvNfpyS%2B%2BzsEk2CottXalwvC3W0J6U3quYHR3FHjiMZ2pvvthiOrEwfxphxxMssgVB3per%2BuedNOvjdQG7onO3WsTTgn8RXfe4BPIWVbcY8oL3LqCYihUwqO1qm9O9AZMF9RlkV5QY%2FylnlClCVZGClKrnShndAOnn9X76Bir3haYFTg5vJXwkY4pCpC4rgCpfoodUtL7spSKwbZe4xkjWYIJlpZbTnzzjWHJKMM2b8kS%2FHxplGmgsqSmbElmzaQeboglTk3z4N8PVU%2FSmav1Jh8XhNIWeBFS6TTBASM%2Fs8UFd1YWRSeCWLSE897Rz9%2FFGOdWD%2Fxu1uepsuertQdswxCdpME591PkapFYAu5EePc9%2BbqiWP9UfMwGkdpjzC81wKVhle%2B6eWP1H8FsBqL1A27xrEKNS9bjKE6ZHgQb8GqSyWLBd0lIw79jZoBA8%3D&checksum=202688015753cea026d3bc1d46d4b95ceb3430b0f5e2
