Console Nintendo Switch Lite Zacian and Zamazenta Limited Edition - New,229.00,"Istanbul, Turkey","GBP 4.99

							(approx. US $6.26)",gizala,,,https://www.ebay.com/itm/Console-Nintendo-Switch-Lite-Zacian-and-Zamazenta-Limited-Edition-New/193338038130?epid=25035120442&hash=item2d03d85772:g:5L0AAOSw~XFeQBlt
Nintendo Switch 32GB Gray + Fire Emblem: Three Houses + Case + Screen Protector,,"Calgary, Alberta, Canada","C $60.00

							(approx. US $43.25)",arnpett0,,,https://www.ebay.com/itm/Nintendo-Switch-32GB-Gray-Fire-Emblem-Three-Houses-Case-Screen-Protector/223942403433?hash=item342401e569:g:cnQAAOSw~KxeZwyK
Nintendo Switch with Gray Joy‑Con - HAC-001(-01),$399.00,"China, China",$10.00,eilasasso0,,,https://www.ebay.com/itm/Nintendo-Switch-with-Gray-Joy-Con-HAC-001-01/184132123410?_trkparms=ispr%3D1&hash=item2adf213b12:g:UsMAAOSwTRZeIcQZ&enc=AQAEAAACQBPxNw%2BVj6nta7CKEs3N0qULcsBWPEkPT5EWDyCE%2FP2pYMmCG%2BuhBr685lVX4ylndEAAv7WKoLZF3F%2BF%2F4p4FWdRzBzKn5YR9iTFjufm3MKrTpdRuoXORO7fY%2FCrtlEfBomQoB9KPzPb8RMA0B4axkzkJY98bt1hus3ublBTCn%2BnuPi1faN5U4EkIhYwH%2FOThl1dFUnNpu40sVm%2BvmrvdXQidNadR%2BpjHjprZncANlXpw5FletU3tcDbbqBFidR%2BDaSFt13ar4JdTbg%2BlCrebbw1Fq7CbHjDBXoLlRMxTUT6vLaOfcbCYroN%2FOzxoOhB2XCDgr2QuB42gmJ4ZHHOQwvsh2usNM5VqkHGx6KoLUeTEydRTaSXKMJ%2FerSGxNcRsXaATik4G51UkuNJ%2BmNBhVCE%2Fn4rlmxCAkcP%2B7ZrMnopR1QxslqHmBg6mhUCQTUvFdITbPlElvP5CAql%2FnZvZ2%2Ff5dtfkHDzvjHjoqZCTHeo%2FThhGat257RavowDRqhiP1IP4eXTrOVw%2Fa6SxZ1Tqvl7yE4RSxGtmvr8%2BAwE%2BrXeM2ScH%2Bb37d4F1BQYSChZTRI8J5wvmF8yvU5Khy%2F6VKbiJ76uwyW7dY072ysWTXdLuycTAjLCqNPlWFXcfWScY5ooaBkgzqBhEv4Tap3cOM9wYMW5C0ymuMW4Z%2FzfNKiRfIeGNqe4XO4aKiPuObjSNHEem3sFqFkhb4hWgjb6cmxh3f50AcyvjQpeZpQJ9Fs%2BrQeoEqsQXLeuzuIkwSPQaw%3D%3D&checksum=184132123410dd47ad323d134451959b241c1c63e3cc
NINTENDO SWITCH Lite Console System Pokemon Zacian Zamazenta Limited Edition NEW,$297.46,"Taipei, Taiwan",FREE,ladypara,,,https://www.ebay.com/itm/NINTENDO-SWITCH-Lite-Console-System-Pokemon-Zacian-Zamazenta-Limited-Edition-NEW/124104804737?_trkparms=ispr%3D1&hash=item1ce5390981:g:810AAOSwApRd0jT3&enc=AQAEAAACUBPxNw%2BVj6nta7CKEs3N0qVnLM2OhhKd1cVmtM2znX0FNCi0tPDG6C26DAXaMtgzpakvQItF3pVZ0bv4BUaoBFUcvvyyi3sL8EzzBmWRmaxOFOvs9p34%2Fz548TwZM%2Ff5t1tqaxt6FXGrJCFCihEEjolVjTYQU2odl4DCt48bkAG2ad20pqAczkfj0dEcEW31gKa0BDpD3hYevv3%2FyhoyNdSjGKFOWPwPhVpLVxt17dt5zDrNGqW6%2FS2hHwGammcnD8jryKxjTE1hOGMluZulkzZjQzECdwd%2F8CNXuycrVwRxwxVCF9dXi%2B324zx4UtdkspijdBTICxL%2FDiCDIM%2BJep3cBk585%2B5DqaSkqU2vqqZHpCevOsat4GUZHs3uRSVTERgC3jDSIeAo6EDbRyl13xVG0EhzjOS2sjjmtmZ%2Fenyy5cpo%2F9ZLlthSDK94PiCPUxEpNTFhH05ao%2FxWQuYHlTm4bz6YT7%2B5LO2UtDmCxZKIXbsZCHjInmWGZ2wp4AxUI%2F7wecVA9wwhEZaqhr0jcYiBAXahFQx8z98eIDl%2BnMthUs3RvnoqgzTq%2FeWT%2BlIxLXEwPQUYRHx%2FrR5Wvf5hrHQpRaEsoexUyZsDkw8%2Bdb3n6y%2FruZlnOP%2BYefcEukvvKF70vygPnFw%2BFndFJl%2FoNK%2FL4wVdwPaW%2FwnKCTzkSjGJW%2BqkG1MTaXsRx8KPelwunNvgQLanpZkdGOvEZEmSlOzEgh%2BD2qYIYeOnGd91CatCRhpNSDo070Ss9OhuRrbiKOgHI%2FZDJx4rWfmzOuHeuTc%3D&checksum=124104804737dd47ad323d134451959b241c1c63e3cc
Nintendo Switch 32GB Replacement Console (Hackable/Unpatched) A+ Tablet Only,$269.00,"New Orleans, Louisiana, United States",$25.50,galsilver,,,https://www.ebay.com/itm/Nintendo-Switch-32GB-Replacement-Console-Hackable-Unpatched-A-Tablet-Only/264460912643?epid=23024812516&_trkparms=ispr%3D1&hash=item3d93194803:g:PRQAAOSw9NJdeBxP&enc=AQAEAAACQBPxNw%2BVj6nta7CKEs3N0qXNjxs%2FTj8rtbw9UlGJg4LoQmRn1jbEO6dOSO36fwdsgkkGuVEhIrEHmQfF41Nsn%2FLuD0idaXmRj23oR7R4VMe1d36zy5HZ4wXaHfzOSU3xx%2Fk9vJm%2FyyNSzCfUZerxZXwLPhu9thnRb1T7Lajg%2BmyqdtglZBt5px3Hjqr7My%2B5rxC5h3fF0vZqmyhbXNq9Z52NsTfMU%2FaYMAlc1Io6IjT1KF83bk1mVSdW5r93vhweG8qDcmdXlro38G33RtxMsZ2tAI4kO0RjyTRPm1PlFhLE39OTAYsK2KWlXPOLWoHuB30T6DPVpHLzp4nlaGt749%2Boj2Asach%2FIdqPYF%2FeiCjE03sW02GSObuqv2kN30xSNDGbdbsfvMwnBW3havr0auuxh9tp4Wchh%2FrQEDN53BbK9okbXn74lYNagev3Y39tWdwIo6noHDWeJv5xsujo7MZkCoP%2FMy4kUlAidnElPg59rja7KXgihaoSXXdMQXKwVOdksP3wFaIeMRcR51i21S40QhYLPVAUwwmr7z1OXoLfDxxmlBwrARoz7gbMLYCm7a%2B6jQc4gTOl6NWVBqDpAq7F4PG2GTqJIJVajWmXwMaJtgX3XEsVZglw6TzAMICbPdkbqzv2obV6RiuMME3iqQKDV81h3V0AVLFt6OMWLrSVSsW8wmVzt4zzm%2F4KKI4SqvIuXJbQu%2BoQXyUc9RwXoIFIzmDwVIKehFBWM5ohjCTMZnkSo3vx6qSMgZ%2BXc3AscA%3D%3D&checksum=264460912643dd47ad323d134451959b241c1c63e3cc
Animal Crossing: New Horizons Nintendo Switch Console | SPECIAL EDITION,,"Houston, Texas, United States",$55.00,hustletown,,,https://www.ebay.com/itm/Animal-Crossing-New-Horizons-Nintendo-Switch-Console-SPECIAL-EDITION/153863837004?epid=4037037457&hash=item23d2ffd54c:g:XrUAAOSwfF1ebBUi
"NEW Nintendo Switch Dragon Quest XI S Lotto Limited Edition JAPAN  Joy-con,Dock",$100.50,"Nagoyashi, Japan",FREE,hima.89,,"
Full set[out of stock]
Joy-con only
Dock only",https://www.ebay.com/itm/NEW-Nintendo-Switch-Dragon-Quest-XI-S-Lotto-Limited-Edition-JAPAN-Joy-con-Dock/392450112459?hash=item5b5fd97bcb:m:mUv112t8lBJL6i8qqJhOxdA
"NEW Nintendo Switch Dragon Quest XI S Lotto Limited Edition JAPAN Joy-con,Dock",85.58,"Nagoyashi, Japan",FREE,hima.89,,"
Full set[out of stock]
Joy-con only
Dock only",https://www.ebay.com/itm/NEW-Nintendo-Switch-Dragon-Quest-XI-S-Lotto-Limited-Edition-JAPAN-Joy-con-Dock/392569522258?epid=13034608485&hash=item5b66f78852:m:mUv112t8lBJL6i8qqJhOxdA
 New Nintendo Switch Console Red Blue Joy-Con Game Wireless Controller,$340.00,"Kyunggido, Korea, South",FREE,gmarket_shop,,,https://www.ebay.com/itm/New-Nintendo-Switch-Console-Red-Blue-Joy-Con-Game-Wireless-Controller/333103187893?epid=7018242557&hash=item4d8e7f47b5:g:vFkAAOSwHNtcfhtq
NINTENDO SWITCH DIABLO LIMITED EDITION TABLET ONLY NEAR MINT CONDITION,175.00,"Ilford, Essex, United Kingdom","GBP 15.00

							(approx. US $18.81)",avzz27,,,https://www.ebay.com/itm/NINTENDO-SWITCH-DIABLO-LIMITED-EDITION-TABLET-ONLY-NEAR-MINT-CONDITION/124095834956?hash=item1ce4b02b4c:g:QdAAAOSwiX1eKMsE
"NEW Nintendo Switch Dragon Quest XI S Lotto Limited Edition JAPAN Joy-con,Dock",$165.59,"Nagoyashi, Japan",FREE,hima.89,,"
Full set[out of stock]
Joy-con only
Dock only",https://www.ebay.com/itm/NEW-Nintendo-Switch-Dragon-Quest-XI-S-Lotto-Limited-Edition-JAPAN-Joy-con-Dock/392569620006?hash=item5b66f90626:m:mUv112t8lBJL6i8qqJhOxdA
Nintendo Switch 32GB Console w/ Custom Shell Joy-Con (Unpatched),$349.00,"New Orleans, Louisiana, United States",$25.50,galsilver,,"
SNES
NES
Soft Pink - White Buttons
Atomic Purple[out of stock]
Blue Flame
Blue Flame w/ Backplate and Do...[out of stock]
White[out of stock]
GameCube Purple
Original Clear[out of stock]
Clear Pink[out of stock]
Clear Green[out of stock]
Clear Smoke[out of stock]
Clear Blue[out of stock]
SNES w/ Backplate
NES w/ Backplate
Soft Pink - White Buttons w/ A...[out of stock]
Blue Flame w/ Backplate
Atomic Purple w/ Backplate
White w/ Backplate[out of stock]",https://www.ebay.com/itm/Nintendo-Switch-32GB-Console-w-Custom-Shell-Joy-Con-Unpatched/264545071054?epid=23024812516&hash=item3d981d6fce:m:mORA9_7V8DLiBELYh84zLAQ
Nintendo Switch 32GB Neon Red/Neon Blue Console (Atmosphere) + 128GB MicroSD,380.00,"Birmingham, United Kingdom","GBP 25.00

							(approx. US $31.35)",treasurewolf,,,https://www.ebay.com/itm/Nintendo-Switch-32GB-Neon-Red-Neon-Blue-Console-Atmosphere-128GB-MicroSD/254521905793?hash=item3b42b01281:g:TOgAAOSwhXxeTYg2
Nintendo Switch Lite Zashian and Zamazenta or Pokemon Sword Shield Game Soft JP,$150.00,"Sano, Japan",$15.00,thermae_ja,,"
Nintendo Switch Lite (Game Con...
Nintendo Switch Lite + Pokemon...
Nintendo Switch Lite + Pokemon...
Nintendo Switch Lite + Pokemon...
Sword and Shield Double Pack (...",https://www.ebay.com/itm/Nintendo-Switch-Lite-Zashian-and-Zamazenta-or-Pokemon-Sword-Shield-Game-Soft-JP/174118366770?hash=item288a436e32:m:m9TEOgG8gYedItr1gcm5UfA
New Nintendo Switch Lite Console System Zacian Zamazenta JAPAN import Pokemon,$299.99,"Mie, Japan",FREE,wabitosabi,,,https://www.ebay.com/itm/New-Nintendo-Switch-Lite-Console-System-Zacian-Zamazenta-JAPAN-import-Pokemon/133190396164?epid=12035030842&_trkparms=ispr%3D1&hash=item1f02c42904:g:YlgAAOSw7spdlQVx&enc=AQAEAAACQBPxNw%2BVj6nta7CKEs3N0qX%2BLHCErR8NgNHmoIOBFzqyV6GZ73jnCaDfvOuLsAHi70tDMAxrPxIPhDuSgEciShMoDN0LuRxA3cq1DrqeGoTeGvZedngVpZH8viNsckX%2FTkdgfF1ynGqaCZp7ZrqNBT7YkszdOiq%2FxB4oV794Ilje4qTuG7Zdc%2BD5NFC4CrEd5byc%2B8fp1PxGqPa1R%2BxbC2TjmUrt%2BF4kl%2FHrWtSxPudIdXUVJe79kU%2Bnbc2X0sbj9ifrZHmY5VgcZjdPeJlGh79uvLwkEUXmTPzCkfHpqoXlmxXcSk0EDbhSY964sXvSSt40c0cZM1e%2BJDaTzzGdhi%2ByhRwEruM1zfS9Cgu9WqPYSx4VFahLJCG5gTBRBRV47UTDXermEvfBbgG1C36fnU%2BvqIhdAZJhHfZtbszBSyJFDZoPG4Q95tRut4X8UoH7z2uKj%2FHukwOjQZqpcoJ%2FR5ZKoTquRYaxxwoy%2BV2w3cD6EgtHo%2FmHWrLD9N%2F2kW4T0Ji13fgPk8hOtem58Uk5ZsAFdu7pZPh53E%2FD7prpc6hrnJEK%2FnCmTJIB5qQ9GRfUHqyCupD6WH1Ref7Okd21vBYNLrTGDiHsM%2FOTTzw1s9nXxZsmWaBvXIKLYESJtcodKztS7CXllDasH42XPB%2BIqErP9XQmprx3RdyimouvaGlRmCnGgxL%2FtlDlt2TklDE8T4Cm2662C6OhuSqX0BPkY97UnCfQoVoH4BIMhBO8E4uE6o5PZqZQ8%2FKZx79%2FN8AdLA%3D%3D&checksum=133190396164dd47ad323d134451959b241c1c63e3cc
Nintendo Switch Lite Grey Handheld System - Brand New,214.99,"CHESTERFIELD, Derbyshire, United Kingdom","GBP 14.99

							(approx. US $18.80)",sweet-tops2013,,,https://www.ebay.com/itm/Nintendo-Switch-Lite-Grey-Handheld-System-Brand-New/333409266707?_trkparms=ispr%3D1&hash=item4da0bdac13:g:IEIAAOSwzCZd2VjA&enc=AQAEAAACUBPxNw%2BVj6nta7CKEs3N0qVr1wDRdxD07%2FZ3R47zBzbLqnRz7%2BrLgqArzDMmArFsMkohQrNB3d8drSR2X%2BIIS3pFAjb%2Bcvtc1FrvBzCy1TDlfBp8fbUL7mMu9wMVTLKOFGwKwFctRlGWx%2B44huJ9OzFioy2CVmh9HhEsDdJjhUNpFmYp8Ge5fshS6PRXHLI4YkQPYnfSXnYmEwdID%2BqIoDmWN6rNy4AXhJ9E5RCWD0T3VSvUK%2FjO5YuivCnxgdE1m2TPUKkj0mXPc4h%2Fq1UbRRA93NbenDP5WtHMRP8ENqdcUYCXCIwgLsBxO6R1tHbI%2FOlxy83fnntq8HxTXpho8TcQxvFCZddteKHFUr%2FsX14A9JQwAUJCFb0EkzQZtBHuQNfc9S3yZ7jHm8ytsseDyu2aAN9zI1M1iaD40SM202pnuUNX8ncFoxRMYQ6l1eQ5IgU7rmTvnoZ95EYABO2RSgPrRoQBtMShk8PRPO3EdtxaoLHiX%2BkSV8qzc%2FBLT5S5fMo1z712jP3LCVjLYQwXjZLDrPymjudLgkKLOni%2F9PsJ5WxpFbtjqnJEOWTGdHxAYDwC0NsgchMo5H7oHc1wVN5QGOO8de0WYulGmvMbWSbVayPQTE2bVtGS225tOd1YKdou9qd%2Bmc6xAnmKbZPMfEqHkJLpfyadBu9nQNVOt%2FIpdBzsGHWeycbE98O261i1nWOk45VWZD2mPNdSnwjreseBObNeGeHB9Ps65o94AllEW0g94Rhp5enjc6HK%2BZ7XNxHRLsrjPnxgtkNPx6jX8lE%3D&checksum=333409266707dd47ad323d134451959b241c1c63e3cc
Nintendo Switch Console - Neon,462.58,"London, United Kingdom",FREE,bananated,,,https://www.ebay.com/itm/Nintendo-Switch-Console-Neon/283474124133?epid=232787957&_trkparms=ispr%3D1&hash=item42005fdd65:g:ud8AAOSwd5xcznh1&enc=AQAEAAACUBPxNw%2BVj6nta7CKEs3N0qUIZMRhRp3%2BJShoGSpgZFfFzyQ4yPim1y6cEAbBIMxzM%2BPs80FoIdyoxn3TNlQh4fz05Ws4GSIqnkKqdpMk3vvdcMkSt8lpugWnhpvbo7krNo6TT%2FfFjcHpgF5OeGJU3V2%2FVsI9noDHTs%2FQ7WM1AQgECR%2BxLIjEE57mGVgjVngTlDKBMrhqfHy1QeFKrZaEM%2FyN9X6q%2BY0NKKVtsJLZuo3zHv28KRyCoRa3ZLqVJFJEjjnS%2BUF7Ttj3ufzrofrQzYNmZ5LmW5mzSjpOIjj9YSqRs%2BJ4H1NE99SwYEETjLtViEJtR9NYkGKsEz8Ah16ExWFtZ270RCR3vgfmYdgacnWacKMCOQPi5DD1N3M1aBP%2BwPMWXmDRIaDrTzr%2F5Q4evzfsXbNBMdYMDt6R%2Bbt4QsU2uD2kzmfx1UHVihyfsYQjYImbBhcJOnRctnslme2ojmJRrrLYignv%2F3wlBVei3K%2FnJjU8dsD2fEey7HZUa5spRJ1gUlypJQzlv2011HdMbmkjN6AblA7HepxUp6oDc1lPQvw04UU%2BddighSfCNvlfBqHKdioNdh47eNc1VlWCzBKcRxgZvIleB4wWitKZ%2FoNwRGOih6lq7LICIqH0QDzHG%2BzhFUhiEB2u79GOKVQ8drXF0d5jsF%2FUbRqCMtEY6v7F4U5gGjxYHwnrCY1I2EXc%2FcagAezfGvHuFLR%2Fx3BzeBUCcfYdw1ynVkFNUlpIC9xoFu7QD3VBnm5%2FGjSZJ0ABivknPSA2P8AUdPdZ9IVbEWM%3D&checksum=283474124133dd47ad323d134451959b241c1c63e3cc
New Nintendo Switch Console System Monster Hunter XX Double Cross Special Pack,$899.99,"Mie, Japan",FREE,wabitosabi,,,https://www.ebay.com/itm/New-Nintendo-Switch-Console-System-Monster-Hunter-XX-Double-Cross-Special-Pack/133008062905?epid=21011032826&_trkparms=ispr%3D1&hash=item1ef7e5f9b9:g:DikAAOSwkjNZueNH&enc=AQAEAAACUBPxNw%2BVj6nta7CKEs3N0qVsmfQCKGTkP2NaEMBfrp2UAvIvokNkduVTRAbrWH8WVgso7ZotHZkTuzg3JNovIHQdzoHK5Mt%2BtgQWsy3L0XDzawWuA96sVn%2FrAdSVe0WgAmrpIbI800Nnh8ymYdaTutW6kDEkS%2FTGO6eNnk7vIDiFfXOdOp40znUtHuUbKD%2BRG121L%2BU6r2%2BY5VmB51qNvcOP8elABCKgYxHYUiUfbe0HvLKaSdgvHQDjlb0TjC4nU1Y%2Bj6WFnPsQgmwib1S8GPjQtU%2FZdfqgx8pzwA2V%2FMxPduaTKma2rrlg4TVvNllBQ2gWGzI9pO6%2FOU5gJRD7Db9H1iJDtswlR2aEYrfFO0kNeicBuzHdSHuokTPbPyEA%2BZO9%2BD4dB7PNDMCDtu7CWWQ6pxGyERtv6dWEzOgqNd34TFJEG%2BHy7w00i3%2F7Y5%2F5SqRQRRUtiujWGz2ccZfqvVcy0eaM%2Blrf6nSDeYQxZRtbQHsFTbA9taGXbvzH6ROf9BQUgSYkdLzUn%2FCanqDry%2B2OBvPLEAbJpqCl5vkXjqLh3P4nhTGN1pmI%2FDM52KiET9RSDzcSXtTS47ARGPb0ZtRy6vlSRRbWBJ19C8G1hcmww01IKv36UrcVz9%2BQEjSEQmMMKy5NmdXd0XBfsZ3IDtxNR66jLF7e%2BL5mF0wkrgLx7VIOjY7mMqD6kYZ9V1Aq%2BVfnfKHwfbXxQMDkFkoPy4OVdcl%2FSnZqKZuN0M1l%2FjOv7LnOwks1f3bly2T4xhhN8mpZEc2Qo36mk0TF9%2FsBE18%3D&checksum=133008062905dd47ad323d134451959b241c1c63e3cc
Nintendo Switch Lite console Pokemon Sword Shield Zacian Zamazenta Japan NEW,$230.56,"Kanagawa, Japan",FREE,samuraisellercooljapanc.t,,,https://www.ebay.com/itm/Nintendo-Switch-Lite-console-Pokemon-Sword-Shield-Zacian-Zamazenta-Japan-NEW/123950554384?epid=12035030842&hash=item1cdc075d10:g:U3IAAOSwADVdsVzu
NEW Nintendo Switch Dragon Quest XI S Lotto Limited Edition Joy-con + Dock,245.49,"Nagoyashi, Japan",FREE,hima.89,,,https://www.ebay.com/itm/NEW-Nintendo-Switch-Dragon-Quest-XI-S-Lotto-Limited-Edition-Joy-con-Dock/392569620155?hash=item5b66f906bb:g:UfQAAOSwBTld2hMi
Console Nintendo Switch V1 (première version) NEUF RARE,,"Dinard, France","EUR 50.00

							(approx. US $55.41)",alexandrelerich,,,https://www.ebay.com/itm/Console-Nintendo-Switch-V1-premiere-version-NEUF-RARE/274301518203?hash=item3fdda5017b:g:nnkAAOSwKKpeZq8e
New Nintendo Switch Lite Console Gray Portable Game Machine F/S from Japan,$284.92,"Kanagawa, Japan",FREE,yorozuya_japan,,,https://www.ebay.com/itm/New-Nintendo-Switch-Lite-Console-Gray-Portable-Game-Machine-F-S-from-Japan/362901000212?epid=22034912824&hash=item547e95d014:g:lcIAAOSwl2deNW88
NEW Nintendo Switch Dragon Quest XI S Lotto Limited Edition  Joy-con + Dock,$298.00,"Nagoyashi, Japan",FREE,hima.89,,,https://www.ebay.com/itm/NEW-Nintendo-Switch-Dragon-Quest-XI-S-Lotto-Limited-Edition-Joy-con-Dock/392551750630?hash=item5b65e85be6:g:UfQAAOSwBTld2hMi
Nintendo Switch Animal Crossing New Horizons Console System Japan version,$532.00,"Nakano-ku, Japan",FREE,souhan-jp-store,,,https://www.ebay.com/itm/Nintendo-Switch-Animal-Crossing-New-Horizons-Console-System-Japan-version/352995703043?hash=item52302ef903:g:rlwAAOSwvGxeZAAG
New Nintendo Switch Lite Gray F/S from Japan,$286.99,"Okayama, Japan",FREE,bookmark_store,,,https://www.ebay.com/itm/New-Nintendo-Switch-Lite-Gray-F-S-from-Japan/402053712478?hash=item5d9c44ca5e:g:JqgAAOSwfopeLnIF
Nintendo Switch Consoles Various types Game JAPAN Select type,$385.00,"Nagoyashi, Japan",FREE,hima.89,,"
Gray
Gray+64G SD card
Gray+128G SD card
Neon Color[out of stock]
Neon Color+64G SD card[out of stock]
Neon Color+128G SD card[out of stock]
Minecraft set
Minecraft set+64G SD card
Minecraft set+128G SD card
Splatoon 2 sets
Splatoon 2 sets+64G SD card
Splatoon 2 sets+128G SD card
Pikachu set
Pikachu set+64G SD card
Pikachu set+128G SD card
Eevee Set
Eevee Set+64G SD card
Eevee Set+128G SD card
Super Smash Bros. set
Super Smash Bros.set+64G SD ca...
Super Smash Bros.set+128G SD c...
Mario Odyssey Set
Mario Odyssey Set+64G SD card
Mario Odyssey Set+128G SD card
Monster Hunter Set
Monster Hunter Set+64G SD card
Monster Hunter Set+128G SD car...",https://www.ebay.com/itm/Nintendo-Switch-Consoles-Various-types-Game-JAPAN-Select-type/392388729992?hash=item5b5c30dc88:m:mKitmApZ1k-lJG2ZqWNgVhw
New Nintendo Switch Console only Nintendo Switch Tablet Japan,$259.99,"Nagoyashi, Japan",FREE,hima.89,,,https://www.ebay.com/itm/New-Nintendo-Switch-Console-only-Nintendo-Switch-Tablet-Japan/392372536868?hash=item5b5b39c624:g:d0wAAOSwQHBdSwne
Nintendo Switch Consoles Various types Game JAPAN Select type,302.31,"Nagoyashi, Japan",FREE,hima.89,,"
Grey
Gray+64G SD card
Gray+128G SD card
Neon Color
Neon Color+64G SD card[out of stock]
Neon Color+128G SD card[out of stock]
Minecraft set
Minecraft set+64G SD card
Minecraft set+128G SD card
Splatoon 2 sets
Splatoon 2 sets+64G SD card
Splatoon 2 sets+128G SD card
Pikachu set
Pikachu set+64G SD card
Pikachu set+128G SD card
Eevee Set
Eevee Set+64G SD card
Eevee Set+128G SD card
Super Smash Bros. set
Super Smash Bros.set+64G SD ca...
Super Smash Bros.set+128G SD c...
Mario Odyssey Set
Mario Odyssey Set+64G SD card
Mario Odyssey Set+128G SD card
Monster Hunter Set
Monster Hunter Set+64G SD card
Monster Hunter Set+128G SD car...",https://www.ebay.com/itm/Nintendo-Switch-Consoles-Various-types-Game-JAPAN-Select-type/392569620127?hash=item5b66f9069f:m:mKitmApZ1k-lJG2ZqWNgVhw
"NEW Nintendo Switch Lite Console Yellow ,Turquoise Blue ,Gray Zacyan Zamazenta",$217.99,"Nagoyashi, Japan",FREE,hima.89,,"
Yellow
Yellow＋64G micro SD card
Yellow＋128G micro SD card
Turquoise Blue
Turquoise Blue＋64G micro SD ca...
Turquoise Blue＋128G micro SD c...
Gray
Gray＋64G micro SD card
Gray＋128G micro SD card
Zacyan Zamazenta[out of stock]
Zacyan Zamazenta＋64G micro SD ...[out of stock]
Zacyan Zamazenta＋128G micro SD...[out of stock]",https://www.ebay.com/itm/NEW-Nintendo-Switch-Lite-Console-Yellow-Turquoise-Blue-Gray-Zacyan-Zamazenta/392397965022?hash=item5b5cbdc6de:m:mQGqiWJn6oIlWiDPXfnGs3A
Nintendo Switch Neon Red/Blue Joy-Controller Boxed + Memory Card,,"Hurstville, NSW, Australia","AU $204.05

							(approx. US $128.13)",guy.cox_2,,,https://www.ebay.com/itm/Nintendo-Switch-Neon-Red-Blue-Joy-Controller-Boxed-Memory-Card/264663385460?hash=item3d9f2ac574:g:3PQAAOSwZ2leaKTD
NINTENDO SWITCH CONSOLE BUNDLE. NEON RED/ BLUE.,,"Villa Park, Illinois, United States",$78.60,bbissett11,,,https://www.ebay.com/itm/NINTENDO-SWITCH-CONSOLE-BUNDLE-NEON-RED-BLUE/254533523977?hash=item3b43615a09:g:xdsAAOSwdppeYwgO
UNPATCHED Version 9.1 Mod Grade A Hackable Nintendo Switch Console Mario Box Low,,"Rockledge, Florida, United States",$55.00,mommy2my3girls,,,https://www.ebay.com/itm/UNPATCHED-Version-9-1-Mod-Grade-A-Hackable-Nintendo-Switch-Console-Mario-Box-Low/124113159014?hash=item1ce5b88366:g:3pgAAOSwq4NeZ5pc
Nintendo Switch: Animal Crossing: New Horizons Edition Console SHIPS 3/19,$425.00,"Middle Village, New York, United States",$66.45,elmoszn,,,https://www.ebay.com/itm/Nintendo-Switch-Animal-Crossing-New-Horizons-Edition-Console-SHIPS-3-19/133360337860?hash=item1f0ce543c4:g:Y9cAAOSwtQ5ea-Vr
Nintendo Switch Console Système Super Smash Bros. Brothers Japon Special,700.00,"Japan, Japan","EUR 4.50

							(approx. US $4.99)",rance-trade-japan,,,https://www.ebay.com/itm/Nintendo-Switch-Console-Systeme-Super-Smash-Bros-Brothers-Japon-Special/143554511088?epid=13035044259&hash=item216c8400f0:g:aEMAAOSwMTFeLU5H
Nintendo Switch Lite Zashian and Zamazenta Edition Console f/s japan,$210.98,"Japan, Japan",FREE,link-japan-store,,,https://www.ebay.com/itm/Nintendo-Switch-Lite-Zashian-and-Zamazenta-Edition-Console-f-s-japan/124114905274?epid=12035030842&hash=item1ce5d328ba:g:TDAAAOSwvFteaXzG
Nintendo Switch Disney Tsum Tsum Festival Console Only,$349.99,"Nagoyashi, Japan",FREE,hima.89,,,https://www.ebay.com/itm/Nintendo-Switch-Disney-Tsum-Tsum-Festival-Console-Only/392647567489?hash=item5b6b9e6881:g:QIkAAOSwicteJrEr
Nintendo Switch Grey Joy-Con Console & New Super Mario Bros. U Deluxe Bundle New,$519.95,"Melbourne, Victoria, Australia",,city_of_games,,,https://www.ebay.com/itm/Nintendo-Switch-Grey-Joy-Con-Console-New-Super-Mario-Bros-U-Deluxe-Bundle-New/264137086353?hash=item3d7fcc1591:g:88oAAOSwiwZcPBLe
NEW pre-order Nintendo Switch Lite coral Japan free shipping F/S,$275.00,"Japan, Japan",FREE,sincere-shop777,,,https://www.ebay.com/itm/NEW-pre-order-Nintendo-Switch-Lite-coral-Japan-free-shipping-F-S/264656013396?hash=item3d9eba4854:g:xPcAAOSw791eX65-
Console Nintendo Switch Lite Turquoise Handheld System- 2019 Model- Sealed Box,155.00,"ROMAN, Romania","GBP 25.00

							(approx. US $31.35)",lorin21,,,https://www.ebay.com/itm/Console-Nintendo-Switch-Lite-Turquoise-Handheld-System-2019-Model-Sealed-Box/174119490218?epid=5034371549&_trkparms=ispr%3D1&hash=item288a5492aa:g:zJMAAOSwHP1d7SQ6&enc=AQAEAAACUBPxNw%2BVj6nta7CKEs3N0qWm2h0hX1%2F0fSrdZ9RRr0sLqwMOEe9sRM7IhBbXWtIDoojE%2FPgRUhTmAczNB%2FINo9DrqXs5TAzgn5T4xZNr9ENFlUb55LVubvEi1yciD6fnN2lMumK7%2BxkUOzUi3vOxwJYgSBBI9YQEoe5tj3ULtjz1UwuRBTexwEopguH5c0%2Ba%2FZVtpMVcCLD9GXr46Lmh%2B75M3g0XMnm%2F0sflZIYCnuGlw0fAhgaXNxID7I4Itn1np%2FK4WDs1XMZS4l%2B%2B7Zd6aBY3W8AnI9k4stQb%2FAsujC079mj5%2B%2FL5Npkc5oVcK0OJAlOfwzgDi5Lx1LnsHsCNKeiqebeER1hUKkB1XpKH51z9x7EyC4p5iStqxaXt%2B%2F2AYtP%2BqGe9kv7vAh6%2Bk38IHAq0s9O0qFUZ4uJRHQfLTtJcUVf9CWWh2vBbXys8c4JgWTMk2jPxEBl9PDBCnL03%2Fm7lKYeY2UoU8mqxuicbvqIi8NZwH39oCzASmjNIhlfbnsx7oZcSB15S00XV5DVZPsMEfcZjwQQ4IAHZpqGT4Zgel9IqA3EU8eb9JzYbNAnhWiuRG7VLWyw8j3uHG9R%2Bu1vEkKm5sJlwjjRbD3GJFJ8hM%2BvDKBPLfLkB5Rx5vnIl5i%2Bi4jnFL5339yR%2FcQ4I6igfCC0crQYraZ%2F0wOwiK%2BGLhQiTscVUif5%2FbokPQEEVOYg%2BFlW19F61a1CrpU6pbQW0mb7MZEEdKvPj9SlTiAKSj0fY7EJfPZ1%2F2GmnN0eBgTPPgY3tsK5dAdoFvFfzL7M%3D&checksum=174119490218dd47ad323d134451959b241c1c63e3cc
Nintendo Switch Splatoon 2 sets,$721.42,"Meguro-ku Tokyo, Japan",$6.00,japanawesome,,,https://www.ebay.com/itm/Nintendo-Switch-Splatoon-2-sets/333430845586?epid=16024806629&_trkparms=ispr%3D1&hash=item4da206f092:g:HwYAAOSwoeVd7aV8&enc=AQAEAAACUBPxNw%2BVj6nta7CKEs3N0qUcvCIDkOyKJ4L95GCg8LsfIqN3Kx6w6nyzYmIUqircSkPfTqcfF6X20Ya4%2BXdftQpIIlQLaGY%2F99CZUOX%2Ba9SjlbT0XwdxGu4QglVLAyxTLnX2m5BsdEskWlHMiMHTjezuNelrUqJOKNhC2jldHMsiKU5Qg851gMN0k%2BoKufttQkVsCD0oCkD14dYYUSIPY2whSB4VE3%2FRqri6h1T2P9dcaJ7BgHideo7Sh9E5o3ww3t%2FO1U%2F%2BXHmpUccqV85SGn%2FpWynmVNbDowGW1Z21CanJ96VgD5Hswsj5rZYx5tufgklogYyrInYctcWkkmWXL%2BQuQmAG5PJc7izZHIFNzaCGB4W5HqNJX0A4j%2FrcF4vQwtxzyKICho%2FVey3jntA%2F1JdrBhYhqj%2BCQjM3b2W6Rkv9wsoxWLEI4tdeVm41sEHtwHNWLk6tT%2BxupaUweyS3lWDg4nygttKrro%2BnAH2qmzm4hjUcKsSAy4TL%2FwaohnqjQHI1FIuyifcuT5BbNE69GiHBwTr%2BMHIfhqKkc%2BOcyVPyHi5sJ%2BNI4khFw484SFHVhwrstMMZhH%2BLbiaQ4iCyBVViaULGy80QEqBD49g5TIkxiLKKCygEaS52DeJl3mUaIL2KaBrXg80jPSf7aempROJLhpaKEDwp%2BGsxIfuVJlNS%2FjUqrZcVRKRqNhhXZq1hIrKGfvzT6LxRcNsIUECj4yZyt2ios7X9ojQVWBzFCTEPbHtA0C6RbX%2F0J86gBHIEhD5ypt6sHvu%2F%2FOy%2F2WGvCW8%3D&checksum=333430845586dd47ad323d134451959b241c1c63e3cc
ESP Ra.De. Psi Limited Edition BEEP Special Edition Nintendo Switch Japan,$159.99,"Tokyo, Japan",$27.20,gamedigga,,,https://www.ebay.com/itm/ESP-Ra-De-Psi-Limited-Edition-BEEP-Special-Edition-Nintendo-Switch-Japan/402042649837?hash=item5d9b9bfced:g:wNoAAOSwm8Zd-1qm
Nintendo Switch Lite gray  nintendo mario super smash bros,$307.80,"Yokohama, Japan",FREE,yuki2038,,,https://www.ebay.com/itm/Nintendo-Switch-Lite-gray-nintendo-mario-super-smash-bros/163865040037?hash=item26271e14a5:g:7yMAAOSwReJdf4Zc
Pre Nintendo Switch Animal Crossing New Horizons Special Edition Joy-con Joycon,$181.00,"tokyo, Japan",FREE,top-japanese,,,https://www.ebay.com/itm/Pre-Nintendo-Switch-Animal-Crossing-New-Horizons-Special-Edition-Joy-con-Joycon/264627426355?hash=item3d9d061433:g:qPUAAOSwBYpePqn5
New Nintendo Switch Console only Nintendo switch Tablet Japan,214.19,"Nagoyashi, Japan",FREE,hima.89,,,https://www.ebay.com/itm/New-Nintendo-Switch-Console-only-Nintendo-switch-Tablet-Japan/392569620197?hash=item5b66f906e5:g:d0wAAOSwQHBdSwne
Neuf Nintendo Switch Console Seulement Nintendo Interrupteur Tablette Japon,245.11,"Nagoyashi, Japan",FREE,hima.89,,,https://www.ebay.com/itm/Neuf-Nintendo-Switch-Console-Seulement-Nintendo-Interrupteur-Tablette-Japon/392569620263?hash=item5b66f90727:g:d0wAAOSwQHBdSwne
Nintendo Switch Lite Zacian and Zamazenta Pokemon Shield Pack Limited Brand New,$399.00,"kanagawa, Japan",FREE,sakuragijapan,,,https://www.ebay.com/itm/Nintendo-Switch-Lite-Zacian-and-Zamazenta-Pokemon-Shield-Pack-Limited-Brand-New/174069002648?epid=12035030842&hash=item2887523198:g:x8kAAOSwh4Bd9xjx
Nintendo Switch Consoles Various types Game JAPAN Select type,$601.39,"Nagoyashi, Japan",FREE,hima.89,,"
Grey
Gray+64G SD card
Gray+128G SD card
Neon Color[out of stock]
Neon Color+64G SD card
Neon Color+128G SD card[out of stock]
Minecraft set
Minecraft set+64G SD card
Minecraft set+128G SD card
Splatoon 2 sets
Splatoon 2 sets+64G SD card
Splatoon 2 sets+128G SD card
Pikachu set
Pikachu set+64G SD card
Pikachu set+128G SD card
Eevee Set
Eevee Set+64G SD card
Eevee Set+128G SD card
Super Smash Bros. set
Super Smash Bros.set+64G SD ca...
Super Smash Bros.set+128G SD c...
Mario Odyssey Set
Mario Odyssey Set+64G SD card
Mario Odyssey Set+128G SD card
Monster Hunter Set
Monster Hunter Set+64G SD card
Monster Hunter Set+128G SD car...",https://www.ebay.com/itm/Nintendo-Switch-Consoles-Various-types-Game-JAPAN-Select-type/392569620158?hash=item5b66f906be:m:mKitmApZ1k-lJG2ZqWNgVhw
Nintendo Switch Disney Tsum Tsum Festival Console,288.33,"Nagoyashi, Japan",FREE,hima.89,,,https://www.ebay.com/itm/Nintendo-Switch-Disney-Tsum-Tsum-Festival-Console/392647820315?hash=item5b6ba2441b:g:QIkAAOSwicteJrEr
【NEW - small stock】Nintendo Switch Latest Model Neon Red&Blue Japan 732,$352.00,"Matsudo-shi, Japan",$50.00,le_prestige_camera_japon,,,https://www.ebay.com/itm/NEW-small-stock-Nintendo-Switch-Latest-Model-Neon-Red-Blue-Japan-732/274238121588?hash=item3fd9dda674:g:lTsAAOSwHbleJw1t
Nintendo Switch Animal Crossing New Horizons Special Edition - BUNDLE,$500.00,"Fontana, California, United States",$25.50,xxanda,,,https://www.ebay.com/itm/Nintendo-Switch-Animal-Crossing-New-Horizons-Special-Edition-BUNDLE/202932963003?hash=item2f3fbf46bb:g:WhsAAOSwMQ5eayUv
Console Nintendo Switch Super Smash Bros Ultimate Edition Pack,400.00,"Herblay, France","EUR 30.00

							(approx. US $33.24)",papha-37,,,https://www.ebay.com/itm/Console-Nintendo-Switch-Super-Smash-Bros-Ultimate-Edition-Pack/164053059326?hash=item26325306fe:g:8fEAAOSwOYZeMFRA
Nintendo Switch Animal Crossing: New Horizon Special Edition Console With Case!,,"San Gabriel, California, United States",$30.00,sidsi.d.umzo9js,,,https://www.ebay.com/itm/Nintendo-Switch-Animal-Crossing-New-Horizon-Special-Edition-Console-With-Case/184209144771?epid=4037037457&hash=item2ae3b87bc3:g:MiYAAOSwdXhea6iP
Nintendo Switch Lite gray,$279.44,"Tokyo, Japan",$14.00,sakuraya.77,,,https://www.ebay.com/itm/Nintendo-Switch-Lite-gray/153784989509?hash=item23ce4cb745:g:xOcAAOSwFHteEBye
Nintendo Switch Super Smash Bros Ultimate Limited Edition Bundle NEW,$593.40,"Sweet Grass, Montana, United States",$70.00,game2one,,,https://www.ebay.com/itm/Nintendo-Switch-Super-Smash-Bros-Ultimate-Limited-Edition-Bundle-NEW/153247129920?epid=23025864409&hash=item23ae3da140:g:zkMAAOSwE~Zb38M9
Nintendo Switch Console Animal Crossing: New Horizons Edition | IN HAND SHIP NOW,$439.99,"Scotch Plains, New Jersey, United States",$63.25,macsmgroup,,,https://www.ebay.com/itm/Nintendo-Switch-Console-Animal-Crossing-New-Horizons-Edition-IN-HAND-SHIP-NOW/184209468162?hash=item2ae3bd6b02:g:5X4AAOSwYY1ea--1
Nintendo Switch Console System Super Smash Bros. brothers JAPAN SPECIAL,623.45,"Japan, Japan","GBP 4.01

							(approx. US $5.03)",rance-trade-japan,,,https://www.ebay.com/itm/Nintendo-Switch-Console-System-Super-Smash-Bros-brothers-JAPAN-SPECIAL/143554629913?hash=item216c85d119:g:aEMAAOSwMTFeLU5H
Nintendo Switch Game console Joy-Con (L) / (R) gray Japan import,$369.94,"musasimurayama-shi, Japan",FREE,kj-style,,,https://www.ebay.com/itm/Nintendo-Switch-Game-console-Joy-Con-L-R-gray-Japan-import/264231840035?hash=item3d8571e923:g:Nl8AAOSwtOZcg-8Q
Nintendo Switch Animal Crossing New Horizon Special Edition Console BRAND NEW,$431.11,"Richardson, Texas, United States",FREE,woozie09,,,https://www.ebay.com/itm/Nintendo-Switch-Animal-Crossing-New-Horizon-Special-Edition-Console-BRAND-NEW/164123124610?epid=4037037457&hash=item2636802382:g:UjMAAOSwnfVeWUBI
Nintendo Switch Pokemon Let's Go Pikachu Limited Edition Bundle NEW,$589.50,"Sweet Grass, Montana, United States",$70.00,game2one,,,https://www.ebay.com/itm/Nintendo-Switch-Pokemon-Lets-Go-Pikachu-Limited-Edition-Bundle-NEW/153438389243?hash=item23b9a403fb:g:25sAAOSwsO5b9Fc8
Nintendo Switch 32GB Animal Crossing New Horizons Edition Console Ready To Ship!,$455.00,"Las Vegas, Nevada, United States",$20.00,dawnofthebizarre,,,https://www.ebay.com/itm/Nintendo-Switch-32GB-Animal-Crossing-New-Horizons-Edition-Console-Ready-To-Ship/124116353090?_trkparms=ispr%3D1&hash=item1ce5e94042:g:IbIAAOSwkbZea0Q6&enc=AQAEAAACQBPxNw%2BVj6nta7CKEs3N0qW9%2BLgGDAcy2XVlqsaIcvmExEk1nx1m86c7cUTF8OAI5fTtyuuPP3dJLEgIU4KXcjdFE8tROGAIMSy86y8Z3PY%2FK9CKdod00dm76AQihoYXBqvOcOEKyaOQnWCwmjttiaE%2Fs4emVgvi0iVLKu3Exp0%2FBmfElX4lVxrS5p9X2sXRGksLXsUHXrzdf6saoXzB3oW08Q0PfehehU37wGgzHMEqvWd3WZSqdrWayO8lSC1%2FOi7JtGSJ4lRGphXVM2f1TzZ8Svy%2FgvntJSV0JjmZThnqstb9OoLB3bqkyFKyULpm4miW0nW7GGWmEb7EET4zkyVrKKPk4Drad%2B%2B4xwfgeXJS0P9QEtGv0FOoe9yUaRo7kz2d3O7Tg741Kzm944xR0U45j2dWFPhVhQOkKMhDph7yI25Y69wKA5ECN7m2%2BcXN8ejQu8kTAGSm9EfH6HgKcnkehMWTPnQyv8RtNLrHpss9ZZH4rRGG50u2fRiKFr4wN5VTykr%2BShC8SdPaLM6snODlqgq8%2Bsk3NaQ4PIXcWcAs3%2B2GrN4rlHeCSJ9DOcG2suWBgTo5jrvh4aOq5gdKHyCL9mmFVk4YvWxHcxJwt3eQ3QHSd%2F98c1i8ZJYlqS53nbvfqhojSYN1tH6G3m3LQK0BKrYFeVmAR3B9apuY%2FH2OdnqOp0gKIaxo30xaA%2BVgdxlv0W42UV7X6nzPIL%2FByASoGP26NbR0TFNAPkzbDDsMxtFtxQqt5dsJ37Fo1qnr7w%3D%3D&checksum=124116353090dd47ad323d134451959b241c1c63e3cc
NINTENDO SWITCH (NEON BLUE / NEON RED)Japan Domestic,$396.89,"JP, Japan",FREE,premium-japan,,,https://www.ebay.com/itm/NINTENDO-SWITCH-NEON-BLUE-NEON-RED-Japan-Domestic/333519999988?_trkparms=ispr%3D1&hash=item4da75753f4:g:~H8AAOSwSdleTRAA&enc=AQAEAAACUBPxNw%2BVj6nta7CKEs3N0qVjRTjE9CdPCv9oTPbdCLHYmKLbuWSMBuxL1IilTPG80GqMZS%2BqvXvJg%2BuAvYQc%2BJdg1SWVVwwlwcy6mzM4oxgViHx%2BwyY2We3G5IdzG1dCeu5OZlKNQIcRlwkNWdrnxJwDQT%2FBibXQeeNGi4cE7%2BFqUsgaOBQ%2FI8X8%2FEHy27Jg7fxMMRGtcLDuPBD3q%2FkoOoo1JAwc8GDXTIiSzW1LM6rOhBcihTRurV2Az%2FDmrnyjcy%2BT%2BsDx8DMPHXKNkfLqwGcJ3r2%2FU0HROwu8j4XbrbNgF0Y6m7xdFIJ9HYc4Nft3oS%2B8ZEhbKlqRTw3v4TKv5b7bzCw%2BbN64Ea1LeDsw%2FMj6FvDS0fbv9iUJEaFs8VILylGCCp4Clw0Mf0jfe1Dr%2BsjyfZ%2FCQ%2FzHHO56lxvg%2FCtWD%2BHtoyAYeQBj4uB1MZ0XxymNPrTZfHDaPBy4LE1QDbHLy0bwugyf%2FzkqENE6ur6ckk%2FTlp1yf0U4ig4VJxV9OezhEEhYUanJPJjaYuydN9vgZ2ggZwLBvgNTzdqF7xvr7mC7%2Fov8F%2FdXmW0LiCa2hVNYdYl8Ez5IG2SX8GiUgW1tSF9mp90EkXIGNSWxDtmTfCbT19qnVfQFV6%2FEtmPxp%2FFPXCAe2ayy6mhjfzY2VnMUpd1vWRgpk5tV4mt6b36WMod%2FEN5woJoAh8dQ2bAA5op7BZWp4SX%2FsRlfzG1B%2FQknmjItqHzhd2YIxIinJmpmeUsZhehCOcHASkq5Pz9OzHKKLh0tQJM0X7sihZOnFck%3D&checksum=333519999988dd47ad323d134451959b241c1c63e3cc
